{
 "compliance": [
  27.78998739326262,
  17.6653914760973,
  12.708188624618401,
  10.389865581912245,
  9.235312920665866,
  8.284616134907276,
  7.416708288682904,
  6.712620838107298,
  6.174795697147127,
  5.769302692184586,
  5.4705048190874335,
  5.273017050231825,
  5.152291384026229,
  5.075961586996896,
  5.023740527552562,
  4.983358799104007,
  4.9507152226676805,
  4.924197231709424,
  4.902927778225624,
  4.886158131407357,
  4.872963605283662,
  4.862581622662417,
  4.854347338370442,
  4.84779034154582,
  4.842341503014366,
  4.837620712304915,
  4.833319036251347,
  4.829256032468195,
  4.8252351890437275,
  4.821237935024039,
  4.817373414421388,
  4.81383406763899,
  4.810770647532028,
  4.808201315478969,
  4.806112889492803,
  4.804446612506138
 ],
 "change": [
  0.20000000000000007,
  0.20000000000000007,
  0.20000000000000007,
  0.20000000000000007,
  0.17718243198336503,
  0.20000000000000007,
  0.1786796268849966,
  0.20000000000000007,
  0.19999999999999996,
  0.18305490897537202,
  0.16047883148789044,
  0.11390076319374798,
  0.07708487422046051,
  0.06630442392327929,
  0.056791843121856755,
  0.05270055181007777,
  0.044613116456304724,
  0.03976703728916975,
  0.03408286350449019,
  0.028120595811082616,
  0.023256248457930728,
  0.019610778837479304,
  0.01626812433751257,
  0.017530877358592267,
  0.019146766370205626,
  0.020795922701556613,
  0.022455064208263043,
  0.025783755881807924,
  0.028213400022043034,
  0.029062971601928278,
  0.02794678751894608,
  0.025076137402139043,
  0.02116128827315633,
  0.0169923115446462,
  0.013156583825076229,
  0.009933341515504818
 ],
 "volume": [
  0.399999798249863,
  0.40000026386395804,
  0.40000006876005834,
  0.400000110838144,
  0.39999977027834954,
  0.40000002074123997,
  0.40000005283848583,
  0.39999998098246614,
  0.40000005355113954,
  0.3999998779851734,
  0.39999999592055313,
  0.4000001669117106,
  0.40000006722805237,
  0.4000001682943246,
  0.3999998639603017,
  0.3999999314162911,
  0.3999998195513453,
  0.39999984477817946,
  0.3999998438747658,
  0.40000009429869426,
  0.4000000885520962,
  0.4000001611543402,
  0.40000003301309833,
  0.40000017001040933,
  0.4000000952812293,
  0.39999998179416196,
  0.39999997785864333,
  0.3999998842954859,
  0.3999998471405467,
  0.4000000971332628,
  0.4000000137842327,
  0.39999982523142474,
  0.39999991862475975,
  0.39999992073277346,
  0.39999980102038984,
  0.39999993680729046
 ],
 "cg_iters": [
  0,
  0,
  0,
  0,
  0,
  0,
  0,
  0,
  0,
  0,
  0,
  0,
  0,
  0,
  0,
  0,
  0,
  0,
  0,
  0,
  0,
  0,
  0,
  0,
  0,
  0,
  0,
  0,
  0,
  0,
  0,
  0,
  0,
  0,
  0,
  0
 ],
 "t_solve": [
  0.35039462099939556,
  0.34704816799967375,
  0.35277700499955245,
  0.3398533790004876,
  0.3417441029996553,
  0.33472989900019456,
  0.33738006400017184,
  0.3493789129997822,
  0.35479401700013113,
  0.3929453659993669,
  0.357603535000635,
  0.35089667000011104,
  0.3398290689992791,
  0.35363144799976,
  0.3610980560006283,
  0.3561208129995066,
  0.35187086799942335,
  0.3616202270004578,
  0.35232124100002693,
  0.35670663099972444,
  0.3448582589999205,
  0.3523142320000261,
  0.36201883900048415,
  0.3691263250002521,
  0.3610437709994585,
  0.35256793899952754,
  0.3511292129996946,
  0.36299151799994434,
  0.35722779400020954,
  0.36768009299976256,
  0.36598801299987826,
  0.4201128910008265,
  0.4796840210001392,
  0.4994971389996863,
  0.5392585719991985,
  0.5039992140000322
 ],
 "t_grad_filter": [
  0.00010603800001263153,
  0.00010567000026640017,
  0.00010789499992824858,
  9.889600005408283e-05,
  0.00012961400079802843,
  9.991400020226138e-05,
  0.00010069099971588003,
  9.977600075217197e-05,
  0.00010891300007642712,
  0.00013661000048159622,
  0.00010874199961108388,
  0.00014722400010214187,
  9.040900022228016e-05,
  0.0001145289998021326,
  0.00010930000007647322,
  9.353800032840809e-05,
  0.00011050000011891825,
  0.0001464220003981609,
  9.664899971539853e-05,
  0.00010234900037175976,
  9.851499999058433e-05,
  9.75560005826992e-05,
  0.00017014100012602285,
  0.00010909799948422005,
  0.00011502900088089518,
  0.00010490499971638201,
  0.00011519800045789452,
  9.868899996945402e-05,
  0.0001420659991708817,
  0.00014878700039844261,
  0.00010105299952556379,
  0.00013045599916949868,
  0.0001354140003968496,
  0.00015534600061073434,
  0.0001412010005878983,
  0.00012837200029025553
 ],
 "t_oc": [
  0.0006133659999250085,
  0.0006016480001562741,
  0.0006088830004955526,
  0.0005968899995423271,
  0.0005918689994359738,
  0.0006030889999237843,
  0.0006107890003477223,
  0.0006102679999457905,
  0.0006451290000768495,
  0.0007476920000044629,
  0.0006163859998196131,
  0.0006151400002636365,
  0.0006550170000991784,
  0.000659895000353572,
  0.0006110989997978322,
  0.0006056029997125734,
  0.000592100999710965,
  0.0006273579992921441,
  0.0006403260003935429,
  0.0006038369992893422,
  0.0006326009997792426,
  0.0006463339996116702,
  0.0006709219996992033,
  0.0006694450003124075,
  0.0006173679994390113,
  0.0006417960003091139,
  0.0006158119995234301,
  0.0006867629999760538,
  0.0008254240001406288,
  0.0006545669994011405,
  0.0006800500004828791,
  0.000836767000691907,
  0.000925144999200711,
  0.0010307249995094026,
  0.0010029869999925722,
  0.0009474279995629331
 ],
 "rss_mb": [
  186.503168,
  186.503168,
  186.503168,
  186.503168,
  186.503168,
  186.568704,
  186.568704,
  186.568704,
  186.568704,
  186.568704,
  186.568704,
  186.568704,
  186.568704,
  186.568704,
  186.568704,
  186.568704,
  186.568704,
  186.568704,
  186.568704,
  186.568704,
  186.568704,
  186.568704,
  186.568704,
  186.568704,
  186.568704,
  186.568704,
  186.568704,
  186.568704,
  186.568704,
  186.568704,
  186.568704,
  186.568704,
  186.568704,
  186.568704,
  186.568704,
  186.568704
 ],