{
 "compliance": [
  25.95503713316015,
  16.172680528462234,
  11.575615895470344,
  9.731275642348225,
  8.907084161806745,
  8.31429766515345,
  7.947789458015051,
  7.580118121828592,
  7.2785312442299075,
  6.928352007040786,
  6.596080188649607,
  6.235453219604197,
  5.894403983588813,
  5.565111178413135,
  5.2480423116277795,
  4.994797867812464,
  4.7680444324381135,
  4.599790336289564,
  4.459718494990479,
  4.357120428178147,
  4.275562231691621,
  4.2163082730061285,
  4.170039919974099,
  4.136186027702232,
  4.109366781515645,
  4.089046956806763,
  4.07235117318952,
  4.059180589535249,
  4.0475376937147844,
  4.038655832121092,
  4.029794767523971,
  4.023255194534077,
  4.0165425339605765,
  4.011876889139916,
  4.007078758136473,
  4.003576167579177,
  4.000690801210902,
  3.998247877310447,
  3.9961578603588044,
  3.9943817440954987,
  3.992807090551477,
  3.9914907811382356
 ],
 "change": [
  0.20000000000000007,
  0.20000000000000007,
  0.19999999999999996,
  0.16919823102261528,
  0.140506797948322,
  0.16561572926064977,
  0.12496157396412244,
  0.15824156412635548,
  0.116012931438505,
  0.13325985156306264,
  0.13311026466425646,
  0.10032345542452537,
  0.15045814608466457,
  0.10630574519842151,
  0.08181389331442412,
  0.06951447263120292,
  0.07042886138601856,
  0.05356488714059643,
  0.05315905258675613,
  0.04414854139043489,
  0.03825125891132031,
  0.033413742812933966,
  0.02812241939433391,
  0.02779628951863311,
  0.022124845555840822,
  0.023583124202491312,
  0.018760997114062317,
  0.020222674127467366,
  0.016912342892059673,
  0.017133058025585957,
  0.015079012070828623,
  0.01615189736698719,
  0.01371630948158864,
  0.015096931686301773,
  0.012688563797839891,
  0.013811394919130193,
  0.012147267166953024,
  0.012382088439063188,
  0.011161759678313343,
  0.011121385884494406,
  0.010288537966775868,
  0.009988728310765471
 ],
 "volume": [
  0.3499998525679091,
  0.3499997637194802,
  0.3500001702672336,
  0.35000020439782886,
  0.3500001584883395,
  0.35000022733092717,
  0.3499998940543173,
  0.3499997444390215,
  0.34999984428425346,
  0.34999979821620186,
  0.34999993928860185,
  0.350000106578442,
  0.3499999821586642,
  0.3499998905042946,
  0.350000083605588,
  0.35000001301061523,
  0.34999993827775544,
  0.3499999939383452,
  0.3499998749348657,
  0.35000019202248633,
  0.350000112945536,
  0.3500001720785253,
  0.35000024415730413,
  0.3499998431617991,
  0.35000011086455823,
  0.34999984448720106,
  0.3500002105763709,
  0.349999897967611,
  0.3500000935314078,
  0.34999990591580443,
  0.3499997928520324,
  0.3499997606469283,
  0.34999988685774014,
  0.35000009164966334,
  0.35000012462987995,
  0.34999984679346136,
  0.34999979000900194,
  0.350000237536309,
  0.34999976497610796,
  0.34999985236652653,
  0.349999936172779,
  0.35000007574706465
 ],
 "cg_iters": [
  0,
  0,
  0,
  0,
  0,
  0,
  0,
  0,
  0,
  0,
  0,
  0,
  0,
  0,
  0,
  0,
  0,
  0,
  0,
  0,
  0,
  0,
  0,
  0,
  0,
  0,
  0,
  0,
  0,
  0,
  0,
  0,
  0,
  0,
  0,
  0,
  0,
  0,
  0,
  0,
  0,
  0
 ],
 "t_solve": [
  0.03149107399985951,
  0.030270683000253484,
  0.029691966000427783,
  0.028851980999661464,
  0.02877495800021279,
  0.03012653699988732,
  0.02898503200003688,
  0.028060041000117053,
  0.027771905999998125,
  0.028689110999948753,
  0.028197709000323812,
  0.028233513000031962,
  0.02922493599999143,
  0.028094084999793267,
  0.028496010999788268,
  0.02762335899979007,
  0.027977104999990843,
  0.027384241000163456,
  0.027310372999636456,
  0.028441185999781737,
  0.027428794000115886,
  0.02731723399983821,
  0.027830068999719515,
  0.027603894000094442,
  0.027523972999915713,
  0.02742747699994652,
  0.028353832999982842,
  0.02788537600008567,
  0.027191735000087647,
  0.0273922629999106,
  0.027577540000038425,
  0.0278078149999601,
  0.027672228000028554,
  0.027106637000088085,
  0.029307966000033048,
  0.027964764999978797,
  0.02819140699966738,
  0.02770144700025412,
  0.027761322000060318,
  0.027265049000106956,
  0.027536282999790274,
  0.02919893900025272
 ],
 "t_grad_filter": [
  9.239800010618637e-05,
  0.00010034299975814065,
  0.00010992199986503692,
  8.595999997851322e-05,
  8.756799979892094e-05,
  8.524500026396709e-05,
  8.582800001022406e-05,
  9.300400006395648e-05,
  8.277599999928498e-05,
  0.0001250850000360515,
  8.609299993622699e-05,
  8.908099971449701e-05,
  8.121300015773159e-05,
  9.006300024338998e-05,
  8.478200015815673e-05,
  8.484499994665384e-05,
  8.23540003693779e-05,
  9.149399966190686e-05,
  8.356000034837052e-05,
  9.325800010628882e-05,
  8.425700025327387e-05,
  8.730800027478836e-05,
  9.334100013802527e-05,
  8.158399987223675e-05,
  0.00017125100021075923,
  8.610199984104838e-05,
  0.00012165599991931231,
  8.427900002061506e-05,
  8.633799961899058e-05,
  8.581900010540267e-05,
  8.461300012641004e-05,
  8.854399993651896e-05,
  8.939800000007381e-05,
  8.629599960841006e-05,
  8.796199972493923e-05,
  9.387000000060652e-05,
  8.355900035894592e-05,
  8.2422000104998e-05,
  9.262300000045798e-05,
  9.021400001074653e-05,
  8.242000012614881e-05,
  8.122700000967598e-05
 ],
 "t_oc": [
  0.0004902949999632256,
  0.0005117949999657867,
  0.0006195769997248135,
  0.000524656000379764,
  0.0004915810000056808,
  0.0005283389996293408,
  0.0004878370000369614,
  0.0004953349998686463,
  0.0005045670000072278,
  0.00047752499995112885,
  0.0004882469997937733,
  0.0005213710001044092,
  0.0005316049996508809,
  0.000490402999730577,
  0.0004983789999641886,
  0.0004914130004181061,
  0.0005069629996796721,
  0.0004942400000800262,
  0.0005066889998488477,
  0.000499652000144124,
  0.0005075529998066486,
  0.0005707489999622339,
  0.0005125299999235722,
  0.0005218599999352591,
  0.0004962040002283175,
  0.0005157420000614366,
  0.0004992700000912009,
  0.0005856140001014865,
  0.0004920440001114912,
  0.0005015439996896021,
  0.00052579200018954,
  0.0005188830000406597,
  0.0004863669996666431,
  0.0005110500001137552,
  0.0004967849999957252,
  0.0005129390001457068,
  0.0004989829999431095,
  0.00048770700004752143,
  0.0004970139998476952,
  0.0005064339998170908,
  0.0005791789999420871,
  0.0005354489999263023
 ],
 "rss_mb": [
  166.03136,
  171.020288,
  171.020288,
  171.020288,
  171.020288,
  167.284736,
  170.856448,
  170.856448,
  170.856448,
  170.856448,
  170.856448,
  170.856448,
  170.856448,
  170.856448,
  170.856448,
  170.856448,
  170.856448,
  170.856448,
  170.856448,
  170.856448,
  170.856448,
  170.856448,
  170.856448,
  170.856448,
  170.856448,
  170.856448,
  170.856448,
  170.856448,
  170.856448,
  170.856448,
  170.856448,
  170.856448,
  170.856448,
  170.856448,
  170.856448,
  170.856448,
  170.856448,
  170.856448,
  170.856448,
  170.856448,
  170.856448,
  170.856448
 ],