{
 "compliance": [
  115.8922976011644,
  42.82957629646753,
  27.226846132138377,
  20.92703935163347,
  16.361068052459714,
  13.129070423058272,
  10.316659133652765,
  8.601541726563488,
  7.475111021369433,
  6.742799449842515,
  6.235166005314981,
  5.914500326076335,
  5.743053906766323,
  5.643045045176931,
  5.579421533235412,
  5.532353580447459,
  5.496921534587639,
  5.472549739662906,
  5.455973334991449,
  5.441803583075417,
  5.429337148549485,
  5.415697581278277,
  5.4045064819020485,
  5.390791901739158,
  5.374701722901522,
  5.356046370372868,
  5.330655201064883,
  5.29607094713616,
  5.255247810818501,
  5.210541115456286,
  5.163569172004898,
  5.119774826968764,
  5.079797961178815,
  5.046563983031222,
  5.021198901980715,
  5.005428512535695,
  4.994347285289605,
  4.987383480830558,
  4.982274300365111,
  4.9785382129559,
  4.975829096137601
 ],
 "change": [
  0.2,
  0.19999999999999996,
  0.20000000000000007,
  0.1794643966019389,
  0.20000000000000007,
  0.20000000000000007,
  0.20000000000000007,
  0.15838809274061627,
  0.16286996496578776,
  0.13311265529008387,
  0.1445330120708278,
  0.1479504517256528,
  0.11989783774461987,
  0.09788832383862339,
  0.08489062949803139,
  0.07957814671250463,
  0.0633360684621892,
  0.06133140997668085,
  0.06342557469234267,
  0.06456136979860927,
  0.06616651815355945,
  0.0659152081639156,
  0.06507853189930074,
  0.06859079676155899,
  0.07404827504285982,
  0.0872749361395303,
  0.10521671229349594,
  0.12010405236212807,
  0.11746321938183046,
  0.12110197875023143,
  0.1407593972707495,
  0.13990376846459907,
  0.13190370405037588,
  0.10766770366467271,
  0.08576869943206045,
  0.06990784929846217,
  0.04159263284040615,
  0.025168848614269712,
  0.016390379543351763,
  0.011210950630708316,
  0.007939142383235898
 ],
 "volume": [
  0.299999942256357,
  0.3000000660788547,
  0.30000006009784386,
  0.2999998740374838,
  0.29999995493278553,
  0.2999998224385611,
  0.2999999237707953,
  0.29999994080162024,
  0.3000001907370043,
  0.3000001030955637,
  0.2999999669678723,
  0.299999929962287,
  0.299999919859935,
  0.30000002189652913,
  0.29999992224114164,
  0.30000008098685244,
  0.30000002690534505,
  0.30000001020147726,
  0.3000000331048731,
  0.300000091880469,
  0.300000063585792,
  0.3000000336723807,
  0.30000007931535283,
  0.29999993622095084,
  0.299999984269322,
  0.30000001620190475,
  0.2999999185946172,
  0.29999992190420716,
  0.30000008085931135,
  0.2999999093820244,
  0.30000005740420393,
  0.3000000862662684,
  0.30000002321413066,
  0.30000003022001714,
  0.3000000612741133,
  0.29999994132927893,
  0.2999999684569206,
  0.29999997474054996,
  0.29999993033348593,
  0.30000000200867466,
  0.3000000488677187
 ],
 "cg_iters": [
  0,
  0,
  0,
  0,
  0,
  0,
  0,
  0,
  0,
  0,
  0,
  0,
  0,
  0,
  0,
  0,
  0,
  0,
  0,
  0,
  0,
  0,
  0,
  0,
  0,
  0,
  0,
  0,
  0,
  0,
  0,
  0,
  0,
  0,
  0,
  0,
  0,
  0,
  0,
  0,
  0
 ],
 "t_solve": [
  0.18631722899954184,
  0.18554762799976743,
  0.18560679800066282,
  0.1879078229994775,
  0.18751329699989583,
  0.18535081000027276,
  0.19316873800016765,
  0.19071291199998086,
  0.19142317600017122,
  0.188494635999632,
  0.18152297899996483,
  0.18773416400017595,
  0.18848810199961008,
  0.18834826199963572,
  0.18875597100031882,
  0.18648881999979494,
  0.18861203599954024,
  0.19990347800012387,
  0.189302466999834,
  0.19244918999993388,
  0.18411521399957564,
  0.1891696150005373,
  0.19110938199992233,
  0.18841301200063754,
  0.1887378390001686,
  0.1902664929993989,
  0.18724609400032932,
  0.1910797939999611,
  0.18937886599997,
  0.18811982799979887,
  0.18814584099982312,
  0.1883804750004856,
  0.18813606099956814,
  0.18887557500056573,
  0.1899447460000374,
  0.1871500350007409,
  0.19022852099988086,
  0.18971522199990432,
  0.19112073900032556,
  0.1973291969998172,
  0.1932438710000497
 ],
 "t_grad_filter": [
  0.000108326999907149,
  0.00011657699997158488,
  0.00012060299923177809,
  0.00012143700041633565,
  0.00011005299984390149,
  9.942999986378709e-05,
  9.933999990607845e-05,
  0.00011479200020403368,
  0.00012195099952805322,
  0.0001255670003956766,
  0.00017479899997852044,
  0.00011009399986505741,
  0.000106229999801144,
  0.0001239359999090084,
  0.00012148299992986722,
  0.0001088640001398744,
  9.955499990610406e-05,
  0.00010578700039332034,
  0.00010666900016076397,
  0.00011377600003470434,
  0.00011017100041499361,
  0.00010756499978015199,
  0.00011048200030927546,
  0.00010776099952636287,
  0.00011579799956962233,
  9.658399994805222e-05,
  0.00023840799985919148,
  0.00010886499967455165,
  9.693099946161965e-05,
  0.00010175900024478324,
  0.00011342500056343852,
  0.00010911899971688399,
  0.00010315700001228834,
  0.00011240899948461447,
  0.00011179500052094227,
  0.00010977499914588407,
  0.00010889800068980549,
  9.868500001175562e-05,
  0.00010650599961081753,
  0.00010183899939875118,
  0.00010868400022445712
 ],
 "t_oc": [
  0.0007291520005310304,
  0.0007465870003215969,
  0.0007107250003173249,
  0.0007393750001938315,
  0.0007310589999178774,
  0.0006726789997628657,
  0.0007249139998748433,
  0.0007235060002130922,
  0.0007651599999007885,
  0.0007342259996221401,
  0.0012794970007234951,
  0.0007748540001557558,
  0.0007648700002391706,
  0.000740434000363166,
  0.0007474559997717733,
  0.0007141719997889595,
  0.0006989029998294427,
  0.0007163679993027472,
  0.0007253600006151828,
  0.0007423819997711689,
  0.0007288209999387618,
  0.0007664759996259818,
  0.001087716999791155,
  0.0007419270004902501,
  0.000730003000171564,
  0.0007156670008043875,
  0.0008520110004610615,
  0.0007545810003648512,
  0.0007217990005301544,
  0.0007605869996041292,
  0.0007055070000205887,
  0.0007173960002546664,
  0.0007112029998097569,
  0.0007262500002980232,
  0.0007190779997472418,
  0.0007538810004916741,
  0.0007557029994131881,
  0.0007215880004878272,
  0.0007433250002577552,
  0.0007038650001049973,
  0.0007340899992414052
 ],
 "rss_mb": [
  184.721408,
  181.129216,
  181.129216,
  181.129216,
  181.129216,
  181.194752,
  181.194752,
  181.194752,
  181.194752,
  181.194752,
  181.194752,
  181.194752,
  181.194752,
  181.194752,
  181.194752,
  181.194752,
  181.194752,
  181.194752,
  181.194752,
  181.194752,
  181.194752,
  181.194752,
  181.194752,
  181.194752,
  181.194752,
  181.194752,
  181.194752,
  181.194752,
  181.194752,
  181.194752,
  181.194752,
  181.194752,
  181.194752,
  181.194752,
  181.194752,
  181.194752,
  181.194752,
  181.194752,
  181.194752,
  181.194752,
  181.194752
 ],
 "c_cases": [
  [
   115.8922976011644
  ],
  [
   42.82957629646753
  ],
  [
   27.226846132138377
  ],
  [
   20.92703935163347
  ],
  [
   16.361068052459714
  ],
  [
   13.129070423058272
  ],
  [
   10.316659133652765
  ],
  [
   8.601541726563488
  ],
  [
   7.475111021369433
  ],
  [
   6.742799449842515
  ],
  [
   6.235166005314981
  ],
  [
   5.914500326076335
  ],
  [
   5.743053906766323
  ],
  [
   5.643045045176931
  ],
  [
   5.579421533235412
  ],
  [
   5.532353580447459
  ],
  [
   5.496921534587639
  ],
  [
   5.472549739662906
  ],
  [
   5.455973334991449
  ],
  [
   5.441803583075417
  ],
  [
   5.429337148549485
  ],
  [
   5.415697581278277
  ],
  [
   5.4045064819020485
  ],
  [
   5.390791901739158
  ],
  [
   5.374701722901522
  ],
  [
   5.356046370372868
  ],
  [
   5.330655201064883
  ],
  [
   5.29607094713616
  ],
  [
   5.255247810818501
  ],
  [
   5.210541115456286
  ],
  [
   5.163569172004898
  ],
  [
   5.119774826968764
  ],
  [
   5.079797961178815
  ],
  [
   5.046563983031222
  ],
  [
   5.021198901980715
  ],
  [
   5.005428512535695
  ],
  [
   4.994347285289605
  ],
  [
   4.987383480830558
  ],
  [
   4.982274300365111
  ],
  [
   4.9785382129559
  ],
  [
   4.975829096137601
  ]
 ]
}