{
 "compliance": [
  115.8922976011644,
  42.82957629646753,
  27.226846132138377,
  20.92703935163347,
  16.361068052459714,
  13.129070423058272,
  10.316659133652765,
  8.601541726563488,
  7.475111021369433,
  6.742799449842515,
  6.235166005314981,
  5.914500326076335,
  5.743053906766323,
  5.643045045176931,
  5.579421533235412,
  5.532353580447459,
  5.496921534587639,
  5.472549739662906,
  5.455973334991449,
  5.441803583075417,
  5.429337148549485,
  5.415697581278277,
  5.4045064819020485,
  5.390791901739158,
  5.374701722901522,
  5.356046370372868,
  5.330655201064883,
  5.29607094713616,
  5.255247810818501,
  5.210541115456286,
  5.163569172004898,
  5.119774826968764,
  5.079797961178815,
  5.046563983031222,
  5.021198901980715,
  5.005428512535695,
  4.994347285289605,
  4.987383480830558,
  4.982274300365111,
  4.9785382129559,
  4.975829096137601
 ],
 "change": [
  0.2,
  0.19999999999999996,
  0.20000000000000007,
  0.1794643966019389,
  0.20000000000000007,
  0.20000000000000007,
  0.20000000000000007,
  0.15838809274061627,
  0.16286996496578776,
  0.13311265529008387,
  0.1445330120708278,
  0.1479504517256528,
  0.11989783774461987,
  0.09788832383862339,
  0.08489062949803139,
  0.07957814671250463,
  0.0633360684621892,
  0.06133140997668085,
  0.06342557469234267,
  0.06456136979860927,
  0.06616651815355945,
  0.0659152081639156,
  0.06507853189930074,
  0.06859079676155899,
  0.07404827504285982,
  0.0872749361395303,
  0.10521671229349594,
  0.12010405236212807,
  0.11746321938183046,
  0.12110197875023143,
  0.1407593972707495,
  0.13990376846459907,
  0.13190370405037588,
  0.10766770366467271,
  0.08576869943206045,
  0.06990784929846217,
  0.04159263284040615,
  0.025168848614269712,
  0.016390379543351763,
  0.011210950630708316,
  0.007939142383235898
 ],
 "volume": [
  0.299999942256357,
  0.3000000660788547,
  0.30000006009784386,
  0.2999998740374838,
  0.29999995493278553,
  0.2999998224385611,
  0.2999999237707953,
  0.29999994080162024,
  0.3000001907370043,
  0.3000001030955637,
  0.2999999669678723,
  0.299999929962287,
  0.299999919859935,
  0.30000002189652913,
  0.29999992224114164,
  0.30000008098685244,
  0.30000002690534505,
  0.30000001020147726,
  0.3000000331048731,
  0.300000091880469,
  0.300000063585792,
  0.3000000336723807,
  0.30000007931535283,
  0.29999993622095084,
  0.299999984269322,
  0.30000001620190475,
  0.2999999185946172,
  0.29999992190420716,
  0.30000008085931135,
  0.2999999093820244,
  0.30000005740420393,
  0.3000000862662684,
  0.30000002321413066,
  0.30000003022001714,
  0.3000000612741133,
  0.29999994132927893,
  0.2999999684569206,
  0.29999997474054996,
  0.29999993033348593,
  0.30000000200867466,
  0.3000000488677187
 ],
 "cg_iters": [
  0,
  0,
  0,
  0,
  0,
  0,
  0,
  0,
  0,
  0,
  0,
  0,
  0,
  0,
  0,
  0,
  0,
  0,
  0,
  0,
  0,
  0,
  0,
  0,
  0,
  0,
  0,
  0,
  0,
  0,
  0,
  0,
  0,
  0,
  0,
  0,
  0,
  0,
  0,
  0,
  0
 ],
 "t_solve": [
  0.21151394900016385,
  0.2177388150000752,
  0.2048877839999932,
  0.20732574800013026,
  0.20545960699996613,
  0.2161564409998391,
  0.21296651499983454,
  0.20967081300000245,
  0.20481597399998464,
  0.20595960899981947,
  0.23102332400003434,
  0.20397868400004882,
  0.20800820699992073,
  0.2046344880000106,
  0.20564658200009944,
  0.21353882099992916,
  0.20880721200001062,
  0.20481781200010118,
  0.20401500100001613,
  0.20622371600006772,
  0.22050139800012403,
  0.20598467200011328,
  0.20494410099991,
  0.20869617499988635,
  0.20987249200015867,
  0.21830191099979857,
  0.2054319389999364,
  0.2040950729999622,
  0.20734161099994708,
  0.206432439000082,
  0.21853781899994829,
  0.2115905529999509,
  0.2110468780001611,
  0.2051667409998572,
  0.21038286600014544,
  0.21431299899995793,
  0.2219886799998676,
  0.20441863500013824,
  0.21220375600000807,
  0.20423680299995794,
  0.22139713399997163
 ],
 "t_grad_filter": [
  0.00012452299984033743,
  0.00011664299995572947,
  0.00012211700004627346,
  0.00012059699997735152,
  0.0001252930001101049,
  0.00011256500010858872,
  0.00012376000017866318,
  0.0001184990001092956,
  0.00011729400011972757,
  0.0001157850001618499,
  0.0001127470000028552,
  0.00012590300002557342,
  0.00011569499997676758,
  0.0001275820000046224,
  0.00011579599981814681,
  0.00011975300003541633,
  0.00012021499992442841,
  0.0001500429998486652,
  0.00012721600000986655,
  0.00014540799998030707,
  0.0001311819999045838,
  0.00012340099988250586,
  0.00011580000000321888,
  0.00012802900005226547,
  0.00011378399995010113,
  0.00011625300021478324,
  0.0001168930000403634,
  0.0001258049999250943,
  0.0001262450000467652,
  0.00011637200009317894,
  0.00011525700006131956,
  0.0001277900000786758,
  0.00012683299996751884,
  0.00011707100020430516,
  0.00011497099990265269,
  0.0001256810000995756,
  0.00011702599999807717,
  0.00012113100001442945,
  0.00011521299984451616,
  0.00012060600010954659,
  0.00011280700005045219
 ],
 "t_oc": [
  0.0008360490000995924,
  0.0008356759999514907,
  0.0008227789999182278,
  0.0008064369999374321,
  0.0008321799998611823,
  0.0008245740000347723,
  0.0008938629998738179,
  0.0008293280000088998,
  0.0008581299998695613,
  0.0008439519999683398,
  0.0008821450001050835,
  0.0008491250000588479,
  0.000898439000138751,
  0.0008575019999170763,
  0.0008519310001702252,
  0.0008330169998771453,
  0.000857242999927621,
  0.0008585180000864057,
  0.0008383240001421655,
  0.0008754680000038206,
  0.0008621330000551097,
  0.000869052000098236,
  0.000969819000147254,
  0.0008333099999617843,
  0.0008431829999153706,
  0.000892695999937132,
  0.0008585460000176681,
  0.0008721020001303259,
  0.0008933940000588336,
  0.0008554359999379813,
  0.0008393840000735509,
  0.0008299419998820667,
  0.0008477579999635054,
  0.0008483179999529966,
  0.0008461080001325172,
  0.0008461979998628522,
  0.0008455500001218752,
  0.0008690499998920131,
  0.0008431420001215884,
  0.0008459929999844462,
  0.0008442640000794199
 ],
 "rss_mb": [
  184.819712,
  181.22752,
  181.22752,
  181.22752,
  181.22752,
  181.293056,
  181.293056,
  181.293056,
  181.293056,
  181.293056,
  181.293056,
  181.293056,
  181.293056,
  181.293056,
  181.293056,
  181.293056,
  181.293056,
  181.293056,
  181.293056,
  181.293056,
  181.293056,
  181.293056,
  181.293056,
  181.293056,
  181.293056,
  181.293056,
  181.293056,
  181.293056,
  181.293056,
  181.293056,
  181.293056,
  181.293056,
  181.293056,
  181.293056,
  181.293056,
  181.293056,
  181.293056,
  181.293056,
  181.293056,
  181.293056,
  181.354496
 ],
 "c_cases": [
  [
   115.8922976011644
  ],
  [
   42.82957629646753
  ],
  [
   27.226846132138377
  ],
  [
   20.92703935163347
  ],
  [
   16.361068052459714
  ],
  [
   13.129070423058272
  ],
  [
   10.316659133652765
  ],
  [
   8.601541726563488
  ],
  [
   7.475111021369433
  ],
  [
   6.742799449842515
  ],
  [
   6.235166005314981
  ],
  [
   5.914500326076335
  ],
  [
   5.743053906766323
  ],
  [
   5.643045045176931
  ],
  [
   5.579421533235412
  ],
  [
   5.532353580447459
  ],
  [
   5.496921534587639
  ],
  [
   5.472549739662906
  ],
  [
   5.455973334991449
  ],
  [
   5.441803583075417
  ],
  [
   5.429337148549485
  ],
  [
   5.415697581278277
  ],
  [
   5.4045064819020485
  ],
  [
   5.390791901739158
  ],
  [
   5.374701722901522
  ],
  [
   5.356046370372868
  ],
  [
   5.330655201064883
  ],
  [
   5.29607094713616
  ],
  [
   5.255247810818501
  ],
  [
   5.210541115456286
  ],
  [
   5.163569172004898
  ],
  [
   5.119774826968764
  ],
  [
   5.079797961178815
  ],
  [
   5.046563983031222
  ],
  [
   5.021198901980715
  ],
  [
   5.005428512535695
  ],
  [
   4.994347285289605
  ],
  [
   4.987383480830558
  ],
  [
   4.982274300365111
  ],
  [
   4.9785382129559
  ],
  [
   4.975829096137601
  ]
 ]
}