{
 "compliance": [
  16.59785039162852,
  7.34885620314958,
  5.8015589721099605,
  5.099253831297236,
  4.888469528665144,
  4.74928772870381,
  4.635277148164317,
  4.522279958323806,
  4.395298576628228,
  4.250468371170487,
  4.114633390469065,
  3.990646062502759,
  3.8861199939506013,
  3.8105928713803197,
  3.758105120866138,
  3.72351592480004,
  3.7003667833014373,
  3.6844861919711054,
  3.6729232509252827,
  3.6642224022160086,
  3.6580196208062303,
  3.6534415956575508,
  3.6500331982312635,
  3.647536972925678,
  3.6457677837811566,
  3.6444583473923173
 ],
 "change": [
  0.2,
  0.20000000000000007,
  0.18040114737847224,
  0.13335422149155607,
  0.07957361606488167,
  0.06377826173266854,
  0.07008203870557861,
  0.07913230658558723,
  0.09011219852222341,
  0.09333880276216389,
  0.10810565501183289,
  0.08231420618563812,
  0.08487842725123174,
  0.06787281149260538,
  0.05950696022636759,
  0.058961648503843556,
  0.052530009250308485,
  0.044257906243554745,
  0.040188767147883775,
  0.03565670939791232,
  0.029214365708146284,
  0.023012517512688846,
  0.017796759014619967,
  0.013754828983256306,
  0.010668313643037108,
  0.00892193138380959
 ],
 "volume": [
  0.45000006833572637,
  0.45000014282564305,
  0.4500001804275334,
  0.4500000755793106,
  0.45000025182508785,
  0.44999989208284064,
  0.4500001184756577,
  0.4500000232955508,
  0.45000010309208477,
  0.45000002837946473,
  0.4500000241321215,
  0.4499999153636057,
  0.45000007210167514,
  0.45000003495919083,
  0.4500001237431941,
  0.44999997643029604,
  0.45000000351495995,
  0.4499999387602409,
  0.4499998952976826,
  0.4499999296604493,
  0.45000010324943096,
  0.44999997130307423,
  0.44999996852295887,
  0.4499999439644981,
  0.4500000371334946,
  0.4500000179453998
 ],
 "cg_iters": [
  0,
  0,
  0,
  0,
  0,
  0,
  0,
  0,
  0,
  0,
  0,
  0,
  0,
  0,
  0,
  0,
  0,
  0,
  0,
  0,
  0,
  0,
  0,
  0,
  0,
  0
 ],
 "t_solve": [
  0.14002592500014543,
  0.13603096600013487,
  0.13359788100001424,
  0.14154830600000423,
  0.14074013300000843,
  0.1437705549999464,
  0.14085117100012212,
  0.13684623600011037,
  0.13652239199996075,
  0.1393921500000488,
  0.1360839539997869,
  0.14277221900010773,
  0.1346714559999782,
  0.13763095200010866,
  0.13525174300002618,
  0.13616366299993388,
  0.13723276500013526,
  0.13803160199995546,
  0.14030688799994095,
  0.1362428600000385,
  0.1370360939999955,
  0.13497144699999808,
  0.1336465629999566,
  0.14060827799994513,
  0.13831744200001594,
  0.15098561600007088
 ],
 "t_grad_filter": [
  0.00010974999986501643,
  0.00010529599990150018,
  0.00010542499990151555,
  0.00010635099988576258,
  0.00010402999987491057,
  0.0001303379999626486,
  0.0001227679999828979,
  0.00011239699983889295,
  0.00011040499998671294,
  0.00011620700001913065,
  0.00011298500021439395,
  0.0001044509999701404,
  0.00010674500003915455,
  0.00010429999997541017,
  0.00010514400014471903,
  0.00010232499994344835,
  0.00011076999999204418,
  0.00010451100001773739,
  0.00011769399998229346,
  0.0001135750001139968,
  0.00010453599998072605,
  0.00010506700004953018,
  0.00010956300002362696,
  0.00010313999996469647,
  0.00010627299980114913,
  0.00011945899996135267
 ],
 "t_oc": [
  0.0008151500001076784,
  0.000784713000030024,
  0.0007998210001005646,
  0.0008216159999392403,
  0.0008306560000619356,
  0.0008553489999485464,
  0.0008516440000221337,
  0.0008664510000926384,
  0.0008318130001043755,
  0.0008622349998859136,
  0.000833055999919452,
  0.0008182889998806786,
  0.0012514399998053705,
  0.0007975239998359029,
  0.0008366069998828607,
  0.0008125550000386284,
  0.0008330230000410666,
  0.0008032410000851087,
  0.0008017299999210081,
  0.0008183779998489626,
  0.0008276480000404263,
  0.0008116870001231291,
  0.0008103640000172163,
  0.000834241000120528,
  0.0008135909999964497,
  0.0008984979999695497
 ],
 "rss_mb": [
  175.456256,
  186.462208,
  186.462208,
  186.462208,
  186.462208,
  186.527744,
  186.527744,
  186.527744,
  186.527744,
  186.527744,
  186.527744,
  186.527744,
  186.527744,
  186.527744,
  186.527744,
  186.527744,
  186.527744,
  186.527744,
  186.527744,
  186.527744,
  186.527744,
  186.527744,
  186.527744,
  186.527744,
  186.527744,
  186.527744
 ],
 "c_cases": [
  [
   16.59785039162852
  ],
  [
   7.34885620314958
  ],
  [
   5.8015589721099605
  ],
  [
   5.099253831297236
  ],
  [
   4.888469528665144
  ],
  [
   4.74928772870381
  ],
  [
   4.635277148164317
  ],
  [
   4.522279958323806
  ],
  [
   4.395298576628228
  ],
  [
   4.250468371170487
  ],
  [
   4.114633390469065
  ],
  [
   3.990646062502759
  ],
  [
   3.8861199939506013
  ],
  [
   3.8105928713803197
  ],
  [
   3.758105120866138
  ],
  [
   3.72351592480004
  ],
  [
   3.7003667833014373
  ],
  [
   3.6844861919711054
  ],
  [
   3.6729232509252827
  ],
  [
   3.6642224022160086
  ],
  [
   3.6580196208062303
  ],
  [
   3.6534415956575508
  ],
  [
   3.6500331982312635
  ],
  [
   3.647536972925678
  ],
  [
   3.6457677837811566
  ],
  [
   3.6444583473923173
  ]
 ]
}