{
 "compliance": [
  16.59785039162852,
  7.34885620314958,
  5.8015589721099605,
  5.099253831297236,
  4.888469528665144,
  4.74928772870381,
  4.635277148164317,
  4.522279958323806,
  4.395298576628228,
  4.250468371170487,
  4.114633390469065,
  3.990646062502759,
  3.8861199939506013,
  3.8105928713803197,
  3.758105120866138,
  3.72351592480004,
  3.7003667833014373,
  3.6844861919711054,
  3.6729232509252827,
  3.6642224022160086,
  3.6580196208062303,
  3.6534415956575508,
  3.6500331982312635,
  3.647536972925678,
  3.6457677837811566,
  3.6444583473923173
 ],
 "change": [
  0.2,
  0.20000000000000007,
  0.18040114737847224,
  0.13335422149155607,
  0.07957361606488167,
  0.06377826173266854,
  0.07008203870557861,
  0.07913230658558723,
  0.09011219852222341,
  0.09333880276216389,
  0.10810565501183289,
  0.08231420618563812,
  0.08487842725123174,
  0.06787281149260538,
  0.05950696022636759,
  0.058961648503843556,
  0.052530009250308485,
  0.044257906243554745,
  0.040188767147883775,
  0.03565670939791232,
  0.029214365708146284,
  0.023012517512688846,
  0.017796759014619967,
  0.013754828983256306,
  0.010668313643037108,
  0.00892193138380959
 ],
 "volume": [
  0.45000006833572637,
  0.45000014282564305,
  0.4500001804275334,
  0.4500000755793106,
  0.45000025182508785,
  0.44999989208284064,
  0.4500001184756577,
  0.4500000232955508,
  0.45000010309208477,
  0.45000002837946473,
  0.4500000241321215,
  0.4499999153636057,
  0.45000007210167514,
  0.45000003495919083,
  0.4500001237431941,
  0.44999997643029604,
  0.45000000351495995,
  0.4499999387602409,
  0.4499998952976826,
  0.4499999296604493,
  0.45000010324943096,
  0.44999997130307423,
  0.44999996852295887,
  0.4499999439644981,
  0.4500000371334946,
  0.4500000179453998
 ],
 "cg_iters": [
  0,
  0,
  0,
  0,
  0,
  0,
  0,
  0,
  0,
  0,
  0,
  0,
  0,
  0,
  0,
  0,
  0,
  0,
  0,
  0,
  0,
  0,
  0,
  0,
  0,
  0
 ],
 "t_solve": [
  0.1262359620004645,
  0.12490496000009443,
  0.1196282840001004,
  0.12178861600023083,
  0.11946112100031314,
  0.11950956900000165,
  0.11974196900064271,
  0.12259978399924876,
  0.12075745699985418,
  0.11959061699963058,
  0.12029503300072975,
  0.12328790300034598,
  0.12109383700044418,
  0.12086621300022671,
  0.11954820999926596,
  0.12078421299975162,
  0.11939648299994587,
  0.12254108599972824,
  0.1219217360003313,
  0.11999831699995411,
  0.11998953300007997,
  0.12071883099997649,
  0.12183076700057427,
  0.12335111100037466,
  0.1217071870005384,
  0.12228354099988792
 ],
 "t_grad_filter": [
  0.00015532999987044604,
  0.0001063959998646169,
  9.328000032837735e-05,
  9.889499960991088e-05,
  9.158399916486815e-05,
  9.098400005314033e-05,
  9.728199984238017e-05,
  0.00010270500024489593,
  9.295300060330192e-05,
  9.528700047667371e-05,
  9.456999941903632e-05,
  9.046899958775612e-05,
  9.159999990515644e-05,
  0.00010047799969470361,
  9.234000026481226e-05,
  9.188200056087226e-05,
  9.174600018013734e-05,
  9.137600045505678e-05,
  9.224099994753487e-05,
  8.833499941829359e-05,
  0.00010538800052017905,
  0.00010339999971620273,
  9.797999973670812e-05,
  0.00010107500020239968,
  0.00010629600001266226,
  9.666499954619212e-05
 ],
 "t_oc": [
  0.00090816600004473,
  0.000682331999996677,
  0.0006657980002273689,
  0.0006674270007351879,
  0.0006724630002281629,
  0.0006791779997001868,
  0.0008540199996787123,
  0.0006623730005230755,
  0.0006809759997850051,
  0.0006793729999117204,
  0.0006726340006935061,
  0.000734152999939397,
  0.0006595649992959807,
  0.000676145999932487,
  0.0007275059997482458,
  0.0006771389998903032,
  0.0006661910001639626,
  0.0006583140002476284,
  0.0006480909996753326,
  0.0007050270005493076,
  0.0006527819996335893,
  0.0006877300002088305,
  0.0006879269994897186,
  0.000658379999549652,
  0.0006915980002304423,
  0.0007053360004647402
 ],
 "rss_mb": [
  175.345664,
  186.351616,
  186.351616,
  186.351616,
  186.351616,
  186.417152,
  186.417152,
  186.417152,
  186.417152,
  186.417152,
  186.417152,
  186.417152,
  186.417152,
  186.417152,
  186.417152,
  186.417152,
  186.417152,
  186.417152,
  186.417152,
  186.417152,
  186.417152,
  186.417152,
  186.417152,
  186.417152,
  186.417152,
  186.417152
 ],
 "c_cases": [
  [
   16.59785039162852
  ],
  [
   7.34885620314958
  ],
  [
   5.8015589721099605
  ],
  [
   5.099253831297236
  ],
  [
   4.888469528665144
  ],
  [
   4.74928772870381
  ],
  [
   4.635277148164317
  ],
  [
   4.522279958323806
  ],
  [
   4.395298576628228
  ],
  [
   4.250468371170487
  ],
  [
   4.114633390469065
  ],
  [
   3.990646062502759
  ],
  [
   3.8861199939506013
  ],
  [
   3.8105928713803197
  ],
  [
   3.758105120866138
  ],
  [
   3.72351592480004
  ],
  [
   3.7003667833014373
  ],
  [
   3.6844861919711054
  ],
  [
   3.6729232509252827
  ],
  [
   3.6642224022160086
  ],
  [
   3.6580196208062303
  ],
  [
   3.6534415956575508
  ],
  [
   3.6500331982312635
  ],
  [
   3.647536972925678
  ],
  [
   3.6457677837811566
  ],
  [
   3.6444583473923173
  ]
 ]
}