{
 "compliance": [
  32.696558738767635,
  14.289810799594903,
  7.545813618886506,
  4.12171223061774,
  2.8270054884143,
  2.514338436684988,
  2.4443225125675125,
  2.4217706995652803,
  2.412701278782348,
  2.408389575828907,
  2.406167384643867,
  2.404962376025953,
  2.4042731786991274,
  2.403854816641126
 ],
 "change": [
  0.20000000000000007,
  0.20000000000000007,
  0.20000000000000007,
  0.20000000000000007,
  0.20000000000000007,
  0.15066064218841846,
  0.0810377657313327,
  0.055796493798757285,
  0.038579375020200035,
  0.03053080112705464,
  0.023407534618906767,
  0.01760631144876934,
  0.01306373172286257,
  0.009601423964754385
 ],
 "volume": [
  0.34999986321230425,
  0.35000007206384803,
  0.35000007429204666,
  0.34999992183927686,
  0.3499999811734999,
  0.3499999521555792,
  0.34999996131182076,
  0.35000000417131255,
  0.3500000034644298,
  0.3499999413742925,
  0.3499999262954326,
  0.3499999145616541,
  0.350000050097033,
  0.3499999875095015
 ],
 "cg_iters": [
  0,
  0,
  0,
  0,
  0,
  0,
  0,
  0,
  0,
  0,
  0,
  0,
  0,
  0
 ],
 "t_solve": [
  0.13665415800005576,
  0.13144219500009058,
  0.13492310299989185,
  0.13364059800005634,
  0.13450438399968334,
  0.13222899199990934,
  0.13217569300013565,
  0.13623389899976246,
  0.13018440099995132,
  0.13074518800021906,
  0.1364938980000261,
  0.13301161199979106,
  0.1422480840001299,
  0.13367465700002867
 ],
 "t_grad_filter": [
  0.00011002699966411456,
  0.00011148700014018686,
  0.00011556399977052934,
  0.00010821900013979757,
  0.00010264399998050067,
  0.00011399999993955134,
  9.920000002239249e-05,
  0.00011512399987623212,
  0.00011087300026701996,
  0.00010527699987505912,
  0.00012126799992984161,
  0.0001146050003626442,
  0.00011382000002413406,
  0.0001123659999393567
 ],
 "t_oc": [
  0.0007586920000903774,
  0.0007379779999610037,
  0.0007543090000581287,
  0.0007508119997510221,
  0.0007441390002895787,
  0.0007680270000491873,
  0.0007438389998242201,
  0.0007768790001136949,
  0.0007395789998554392,
  0.0007529720001002715,
  0.00076534800018635,
  0.0008408979997511778,
  0.0007955129999572819,
  0.0007870469999033958
 ],
 "rss_mb": [
  184.684544,
  180.854784,
  180.854784,
  180.854784,
  180.854784,
  180.92032,
  180.92032,
  180.92032,
  180.92032,
  180.92032,
  180.92032,
  180.92032,
  180.92032,
  180.92032
 ],
 "c_cases": [
  [
   32.696558738767635
  ],
  [
   14.289810799594903
  ],
  [
   7.545813618886506
  ],
  [
   4.12171223061774
  ],
  [
   2.8270054884143
  ],
  [
   2.514338436684988
  ],
  [
   2.4443225125675125
  ],
  [
   2.4217706995652803
  ],
  [
   2.412701278782348
  ],
  [
   2.408389575828907
  ],
  [
   2.406167384643867
  ],
  [
   2.404962376025953
  ],
  [
   2.4042731786991274
  ],
  [
   2.403854816641126
  ]
 ]
}