{
 "compliance": [
  19.15460852165066,
  148.92247030401492,
  790.008773110518,
  582.0120245042809,
  540.0042609902429,
  496.6918299389573,
  481.58451486291983,
  462.85768057463406,
  454.5753496386163,
  443.67673512430974,
  437.3403908153871,
  428.78263597658963,
  421.7556537755666
 ],
 "change": [
  0.2,
  0.1500366252873242,
  0.05551660859294422,
  0.06291228989845007,
  0.03394215130570387,
  0.03615587320690755,
  0.021562387879030448,
  0.021663821706210784,
  0.014325543813985292,
  0.014897681401888824,
  0.010679103440136256,
  0.012190374631872836,
  0.00911073526869896
 ],
 "volume": [
  0.46666666666666656,
  0.40000002551600505,
  0.3999999869812303,
  0.40000003096603187,
  0.4000000069140787,
  0.40000001651949013,
  0.3999999762315373,
  0.4000000413172619,
  0.39999996900140794,
  0.39999998781010193,
  0.40000003082705216,
  0.39999996883482036,
  0.3999999963605614
 ],
 "cg_iters": [
  0,
  0,
  0,
  0,
  0,
  0,
  0,
  0,
  0,
  0,
  0,
  0,
  0
 ],
 "t_solve": [
  0.015503591000026518,
  0.014630159999967418,
  0.016873197999984768,
  0.015095948000009685,
  0.014052657000036106,
  0.01600462199996855,
  0.015607036999995216,
  0.014066560999992817,
  0.014170196999998552,
  0.014141591999987213,
  0.01812548000003744,
  0.014139886999998907,
  0.01478852400003916
 ],
 "t_grad_filter": [
  8.59169999785081e-05,
  0.00010193600002139647,
  8.502399998633337e-05,
  8.794500001840788e-05,
  8.678699998654338e-05,
  0.00011978400004863943,
  0.00011592200002041864,
  8.547700002736747e-05,
  8.73569999839674e-05,
  8.885699998018026e-05,
  8.563299996922069e-05,
  9.027800001604191e-05,
  0.00012457899998707944
 ],
 "t_oc": [
  0.00026179400003911724,
  0.0004473010000083377,
  0.0004334770000014032,
  0.0004275709999888022,
  0.0004949489999717116,
  0.0010576839999885124,
  0.00042620699997542033,
  0.00046141500001795066,
  0.00042923500001279535,
  0.000423278000027949,
  0.00046897300001091935,
  0.00041682699998091266,
  0.0004740229999811163
 ],
 "rss_mb": [
  162.107392,
  164.892672,
  164.892672,
  164.892672,
  164.892672,
  164.958208,
  164.958208,
  164.958208,
  164.958208,
  164.958208,
  164.958208,
  164.958208,
  164.958208
 ],
 "c_cases": [
  [
   19.15460852165066
  ],
  [
   148.92247030401492
  ],
  [
   790.008773110518
  ],
  [
   582.0120245042809
  ],
  [
   540.0042609902429
  ],
  [
   496.6918299389573
  ],
  [
   481.58451486291983
  ],
  [
   462.85768057463406
  ],
  [
   454.5753496386163
  ],
  [
   443.67673512430974
  ],
  [
   437.3403908153871
  ],
  [
   428.78263597658963
  ],
  [
   421.7556537755666
  ]
 ]
}