{
 "compliance": [
  2.147706870363354,
  1.0287134214018399,
  0.49872316601361266,
  0.32033318687584544,
  0.2902775802848955,
  0.2845093777602722,
  0.2829771921195258,
  0.28241584201465747,
  0.2821986975827215,
  0.2821132997375591,
  0.2820797700883362,
  0.2820667357342952,
  0.2820612316159493,
  0.2820584342003628
 ],
 "change": [
  0.2,
  0.20000000000000007,
  0.20000000000000007,
  0.20000000000000007,
  0.14813420371520536,
  0.05815025586224887,
  0.04041464771601366,
  0.029721071407794897,
  0.022175134475009073,
  0.017180717703629278,
  0.013926970512151415,
  0.011835315239262845,
  0.010034124206035888,
  0.008495011585301526
 ],
 "volume": [
  0.4500000053691692,
  0.45000002115881005,
  0.4500000248695496,
  0.4499999299632765,
  0.44999994617099903,
  0.4499999426263909,
  0.4499999902484331,
  0.4500000284788969,
  0.44999996281499366,
  0.4500000704806861,
  0.44999993559031454,
  0.44999994988203523,
  0.4499999297140449,
  0.44999993304307034
 ],
 "cg_iters": [
  0,
  0,
  0,
  0,
  0,
  0,
  0,
  0,
  0,
  0,
  0,
  0,
  0,
  0
 ],
 "t_solve": [
  0.06029973600016092,
  0.05339931800017439,
  0.05349006999995254,
  0.055509322000034444,
  0.055113909999818134,
  0.0566043790004187,
  0.05437176699979318,
  0.05715085400015596,
  0.056294453000191425,
  0.05616388899989033,
  0.054561223999826325,
  0.05658684300033201,
  0.05552844900012133,
  0.055997159000071406
 ],
 "t_grad_filter": [
  9.217299975716742e-05,
  9.125199994741706e-05,
  8.486700016874238e-05,
  0.00010439000016049249,
  9.122599976763013e-05,
  8.891399966159952e-05,
  0.00010535399997024797,
  8.7307999820041e-05,
  0.0001260170001842198,
  0.00012339000022620894,
  9.032299976752256e-05,
  9.741299982124474e-05,
  0.0001036680000652268,
  8.969500004241127e-05
 ],
 "t_oc": [
  0.0005990840004415077,
  0.000609225000061997,
  0.0006281360001594294,
  0.0006269800001064141,
  0.0006171270001686935,
  0.0006055950002519239,
  0.0006098320000091917,
  0.0006684890004180488,
  0.0006251519998841104,
  0.0006076390000089305,
  0.0006400530000973959,
  0.0006976469999244728,
  0.0006542669998452766,
  0.000777615000060905
 ],
 "rss_mb": [
  173.522944,
  173.522944,
  173.522944,
  173.522944,
  173.522944,
  173.58848,
  173.58848,
  173.58848,
  173.58848,
  173.58848,
  173.58848,
  173.58848,
  173.58848,
  173.58848
 ],
 "c_cases": [
  [
   1.8549804292037941,
   0.9757548038651999
  ],
  [
   0.7958923063495855,
   0.7760703835075142
  ],
  [
   0.36901816159691936,
   0.4323500147223111
  ],
  [
   0.2325284984596842,
   0.29268229472053753
  ],
  [
   0.21650407552644557,
   0.24591168252816625
  ],
  [
   0.21331933435567496,
   0.23730014468199073
  ],
  [
   0.21257321210133864,
   0.23467993339395724
  ],
  [
   0.21239982028824317,
   0.23338673908804763
  ],
  [
   0.21239896635170613,
   0.2326657707700512
  ],
  [
   0.2124500379232579,
   0.23221087271433744
  ],
  [
   0.21251223927424145,
   0.23189176938031583
  ],
  [
   0.21257165930155336,
   0.2316502547758062
  ],
  [
   0.2126238504128586,
   0.23145793734363568
  ],
  [
   0.2126682323632899,
   0.23130067279024308
  ]
 ]
}