{
 "compliance": [
  12.065117049964924,
  5.389674612425345,
  3.332373413899422,
  2.444871950255325,
  1.9636752365404349,
  1.6071074332811448,
  1.3185557401020978,
  1.06974674406232,
  0.8975581222519557,
  0.7882991728487986,
  0.7220589302651214,
  0.685598326697249,
  0.6676752098222343,
  0.6589817259991274,
  0.6538933405281759,
  0.6506264302244509,
  0.6485215714737813,
  0.646925667466196,
  0.6455418211663442,
  0.6442897883793937,
  0.6431272893843594,
  0.6420443258237,
  0.6410212377867411,
  0.6400818855705956,
  0.63922663114802,
  0.6384488344910897,
  0.6376978234404576,
  0.6369701195281781,
  0.6362576085131343,
  0.6355174783842125,
  0.6347892200746216,
  0.6340676498643478,
  0.6333510420176071,
  0.6326689588838181,
  0.6320632933022496,
  0.6315480168688619,
  0.6310389671632883,
  0.6305145724732935,
  0.6300078046838155,
  0.629521005085282
 ],
 "change": [
  0.2,
  0.20000000000000007,
  0.20000000000000007,
  0.20000000000000007,
  0.20000000000000007,
  0.20000000000000007,
  0.20000000000000007,
  0.20000000000000007,
  0.20000000000000007,
  0.20000000000000007,
  0.20000000000000007,
  0.20000000000000007,
  0.20000000000000007,
  0.20000000000000007,
  0.2,
  0.17972888033477363,
  0.17341097576852105,
  0.19344124447225375,
  0.1956406539676897,
  0.17532574137167312,
  0.18642897297874794,
  0.1879245257359804,
  0.19830616572278514,
  0.1960251282006692,
  0.177979112127979,
  0.1917437986077568,
  0.19975802436594725,
  0.19040553328324827,
  0.1631164135560773,
  0.1752639727866534,
  0.17214531599421745,
  0.19425211139092813,
  0.18441848191351773,
  0.19999999999999996,
  0.17442878885075058,
  0.16461794588895007,
  0.1753094293686937,
  0.20000000000000007,
  0.17097469905724139,
  0.17053080108029595
 ],
 "volume": [
  0.30000007648494825,
  0.2999999728319784,
  0.30000000927871157,
  0.3000000747723289,
  0.30000003198295333,
  0.3000000135068593,
  0.29999985156638265,
  0.300000015559396,
  0.3000000745558187,
  0.2999999653892134,
  0.3000000251466911,
  0.2999999680761712,
  0.29999999588107923,
  0.29999996724414496,
  0.2999999824967374,
  0.3000000029209899,
  0.3000000063769379,
  0.30000001998854253,
  0.2999999884461415,
  0.29999998645916515,
  0.29999999852126547,
  0.2999999867508043,
  0.29999998276712797,
  0.30000000934804266,
  0.2999999951217836,
  0.300000019720694,
  0.30000001601238524,
  0.29999999687407164,
  0.3000000041079121,
  0.2999999777437062,
  0.3000000278153121,
  0.29999997167815495,
  0.29999998183806176,
  0.30000000895008916,
  0.30000002314898144,
  0.2999999996570952,
  0.3000000180662151,
  0.30000000661167325,
  0.2999999851869907,
  0.29999999153607976
 ],
 "cg_iters": [
  576,
  713,
  766,
  898,
  976,
  984,
  1062,
  1086,
  1126,
  1100,
  1074,
  1030,
  1034,
  984,
  975,
  968,
  948,
  938,
  930,
  922,
  914,
  908,
  889,
  901,
  899,
  894,
  876,
  863,
  862,
  855,
  863,
  858,
  855,
  854,
  851,
  843,
  847,
  848,
  846,
  841
 ],
 "t_solve": [
  9.2854423999961,
  10.671221600001445,
  10.890291299991077,
  12.433162999979686,
  13.696069600002375,
  14.995387700007996,
  14.788223799987463,
  19.080252799991285,
  21.83265830000164,
  20.85466140002245,
  16.189809200004674,
  18.841898700018646,
  19.045745000010356,
  18.811037499981467,
  19.330222299991874,
  21.6585655999952,
  20.287431200005813,
  19.867890599998645,
  20.72753720000037,
  23.267295300000114,
  23.34977360002813,
  18.480198599980213,
  16.16074170000502,
  16.481332700001076,
  17.50402310001664,
  21.96111619999283,
  18.754301899985876,
  19.906233599991538,
  20.646363800013205,
  19.886272800009465,
  18.351662800007034,
  17.085597099998267,
  17.29935079999268,
  18.23542010001256,
  20.003935400018236,
  19.688598700013245,
  18.30617140000686,
  19.28146269998979,
  18.181429500022205,
  17.55093540000962
 ],
 "t_grad_filter": [
  0.05646150000393391,
  0.05611480001243763,
  0.04451659999904223,
  0.04543759999796748,
  0.05763269998715259,
  0.059731399989686906,
  0.051472999999532476,
  0.08784420002484694,
  0.08762080001179129,
  0.045226599992020056,
  0.05525820000912063,
  0.0567039999878034,
  0.06244479998713359,
  0.067905800009612,
  0.07373299999744631,
  0.0955314000020735,
  0.09073569998145103,
  0.09020560001954436,
  0.11331649997737259,
  0.12301949999528006,
  0.12036569998599589,
  0.06295079999836162,
  0.06364239999675192,
  0.06240769999567419,
  0.12759069999447092,
  0.08800250000786036,
  0.10286819998873398,
  0.09986670000944287,
  0.09381459999713115,
  0.08779570000478998,
  0.08847709998372011,
  0.0878136999963317,
  0.08888620001380332,
  0.10673060000408441,
  0.11186469998210669,
  0.10301210000761785,
  0.10603759999503382,
  0.10394299999461509,
  0.08881230000406504,
  0.10569389999727719
 ],
 "t_oc": [
  0.04878459998872131,
  0.05593229999067262,
  0.04864520000410266,
  0.028514200006611645,
  0.07646229999954812,
  0.039476700010709465,
  0.031244799989508465,
  0.0499489999783691,
  0.0770079999929294,
  0.04184540000278503,
  0.0329998999950476,
  0.0632980999944266,
  0.05819859998882748,
  0.035613899992313236,
  0.07163370001944713,
  0.09821609998471104,
  0.08676550001837313,
  0.06663999997545034,
  0.080093200027477,
  0.1273916000209283,
  0.08554989998810925,
  0.03155820001848042,
  0.08002409999608062,
  0.028899600001750514,
  0.09043469998869114,
  0.08664120000321418,
  0.06718080001883209,
  0.07961559999966994,
  0.059641300002112985,
  0.08310700001311488,
  0.0717616000038106,
  0.08396980000543408,
  0.09052099997643381,
  0.08442609998746775,
  0.10384180000983179,
  0.06617129998630844,
  0.0641096000035759,
  0.09676140002557077,
  0.07434559997636825,
  0.09744290000526235
 ],
 "rss_mb": [
  715.907072,
  715.370496,
  715.42784,
  715.956224,
  714.846208,
  715.603968,
  716.664832,
  716.152832,
  716.058624,
  716.644352,
  715.93984,
  716.980224,
  716.988416,
  715.96032,
  717.000704,
  716.488704,
  717.017088,
  717.574144,
  716.517376,
  717.037568,
  716.017664,
  716.537856,
  717.049856,
  716.529664,
  716.005376,
  715.48928,
  717.058048,
  717.594624,
  716.787712,
  717.303808,
  715.743232,
  715.743232,
  716.82048,
  716.82048,
  716.816384,
  716.849152,
  716.828672,
  716.296192,
  716.824576,
  717.344768
 ]
}