{
 "compliance": [
  1022.4749913629541,
  759.7646912588426,
  566.3608388210131,
  441.9503302658592,
  373.0456525640898,
  326.07821175756817,
  301.53603953047246,
  289.50251286981313,
  283.7281255054397,
  280.88343444191287,
  279.40205748741096,
  278.59505958631513,
  278.12636081843755,
  277.83346749554187,
  277.6298914025355,
  277.475764214873,
  277.3515533304562,
  277.2476278115912,
  277.1563641833619,
  277.0753073983654,
  277.0014652756073,
  276.9352823816467,
  276.8758087645022,
  276.8219003419731,
  276.7713341081984,
  276.722374581643,
  276.6742819898311,
  276.6264128314254,
  276.5788906027153,
  276.53164801140315,
  276.48442053642117,
  276.43993451800435,
  276.4007730501397,
  276.3646663931002,
  276.33257073842015,
  276.30493699827,
  276.2804716297777,
  276.2580887424969,
  276.2369213082945,
  276.2169507516531,
  276.1979977495347,
  276.1800243138013,
  276.16258627312146,
  276.14639772938193,
  276.13089138361875,
  276.11635227670354,
  276.10274314444507,
  276.0899860131873,
  276.0781587365966,
  276.0665426784298,
  276.0551642647799,
  276.04376244993114,
  276.0324488425533,
  276.0206424158151,
  276.00879990074463,
  275.99742334801255,
  275.9862142999245,
  275.97540414546006,
  275.96471209127014,
  275.95382450311376,
  275.9430608451029,
  275.93218557370017,
  275.9213214165699,
  275.9108320787821,
  275.9005527432748
 ],
 "change": [
  0.2,
  0.20000000000000007,
  0.20000000000000007,
  0.20000000000000007,
  0.20000000000000007,
  0.20000000000000007,
  0.20000000000000007,
  0.16469255926312476,
  0.12176285202067805,
  0.09047343440639921,
  0.06575228073867967,
  0.053978652533347105,
  0.04749485764283523,
  0.04307928765114333,
  0.03798651413837972,
  0.03536371412648176,
  0.033024238940650874,
  0.030770602008959314,
  0.028828341852174866,
  0.027667974379076976,
  0.02649125905350469,
  0.02501499382728889,
  0.02480896735899163,
  0.024922449921922885,
  0.024575059895578233,
  0.02380362603405417,
  0.023219255730592248,
  0.023471424638384863,
  0.02378965863151744,
  0.023753926643721224,
  0.023403387349292093,
  0.022780483943121266,
  0.02319963666884689,
  0.023370124137079618,
  0.023865462211655974,
  0.024159873586159453,
  0.024215614254424755,
  0.023962713728603702,
  0.023587300158587787,
  0.023125389126875784,
  0.022475194453688507,
  0.02158810452142812,
  0.020586109926734042,
  0.01959105806586514,
  0.018682061276887874,
  0.017956764709233575,
  0.017322649422359837,
  0.016645755977703458,
  0.016138580791009383,
  0.01572805109031239,
  0.015385722639515764,
  0.01498231522692861,
  0.01478997814215488,
  0.014541816746385772,
  0.014307293474349947,
  0.013939391877507146,
  0.013654542818324178,
  0.013367510390882353,
  0.013005841398752271,
  0.012559809619940687,
  0.012035492068194265,
  0.011455861132985912,
  0.01096331323455857,
  0.010467598174442871,
  0.009919841008909469
 ],
 "volume": [
  0.45000013080155166,
  0.4499999488533381,
  0.45000018670212477,
  0.44999998624042653,
  0.4500000404319525,
  0.44999981195136196,
  0.45000012894024377,
  0.4499999604165065,
  0.44999995901012646,
  0.45000007075132864,
  0.44999999438062355,
  0.45000007860484936,
  0.449999934641694,
  0.4500000739106945,
  0.4500000625362201,
  0.4500000142341796,
  0.4499999057185926,
  0.45000008119070634,
  0.44999995870961923,
  0.44999998487894066,
  0.4499999428883704,
  0.4500000496564544,
  0.4499999415494023,
  0.4499999606153151,
  0.4499999921254794,
  0.44999993236680236,
  0.45000001802085476,
  0.45000005814293775,
  0.44999990890664127,
  0.4499999382387093,
  0.44999996223174754,
  0.4499999918119224,
  0.4499999522346612,
  0.44999999781772426,
  0.44999994544635746,
  0.450000093147268,
  0.45000003401324173,
  0.4500000605460464,
  0.44999994250789865,
  0.44999994995416187,
  0.4499999498027685,
  0.45000009604514646,
  0.4500000095653775,
  0.4499999835309618,
  0.4500000511416896,
  0.450000091633691,
  0.449999958985824,
  0.44999990564658837,
  0.4500000226572839,
  0.450000058252709,
  0.45000005415990324,
  0.44999995206402105,
  0.4500000751893228,
  0.45000007084482335,
  0.44999991288971375,
  0.45000002382483884,
  0.4500000620872681,
  0.44999992142376527,
  0.45000004685240763,
  0.45000005448793995,
  0.45000007502938416,
  0.4500000503537688,
  0.4499999662854636,
  0.4499999691801748,
  0.4500000622093431
 ],
 "cg_iters": [
  2621,
  2674,
  2580,
  2713,
  3072,
  3611,
  3923,
  3974,
  3908,
  3912,
  3872,
  3851,
  3842,
  3833,
  3792,
  3804,
  3780,
  3767,
  3761,
  3742,
  3743,
  3737,
  3732,
  3720,
  3717,
  3716,
  3711,
  3698,
  3667,
  3666,
  3662,
  3651,
  3641,
  3614,
  3624,
  3629,
  3624,
  3607,
  3584,
  3571,
  3570,
  3573,
  3574,
  3577,
  3578,
  3569,
  3564,
  3576,
  3582,
  3581,
  3581,
  3582,
  3574,
  3567,
  3567,
  3582,
  3580,
  3580,
  3576,
  3573,
  3575,
  3570,
  3571,
  3585,
  3586
 ],
 "t_solve": [
  19.81599869998172,
  18.26275859994348,
  17.973400700022466,
  16.567523299949244,
  18.894136399962008,
  22.923990699928254,
  24.802683099987917,
  34.687549700029194,
  32.036009400035255,
  28.27325860003475,
  29.41954289993737,
  27.477771800011396,
  27.777389299939387,
  27.831999300047755,
  26.97183010005392,
  26.903244300046936,
  28.89498330000788,
  27.800345800002106,
  28.377742400043644,
  27.390521000023,
  26.771793800056912,
  27.731966299936175,
  28.006361600011587,
  32.56100139999762,
  34.43254130007699,
  34.72530829999596,
  32.461299500078894,
  27.669140800018795,
  31.066426599980332,
  29.529651700053364,
  29.477937199990265,
  28.138300400110893,
  28.721229600021616,
  27.39477250003256,
  35.46990449994337,
  33.86257740005385,
  30.09465729992371,
  23.17500679998193,
  24.57666589994915,
  23.672552000032738,
  24.37112609995529,
  23.605834900052287,
  23.88525379996281,
  23.515287399990484,
  23.65612019994296,
  24.13463350001257,
  22.844209300004877,
  23.12104100000579,
  24.438814399996772,
  23.431081400020048,
  23.866804899997078,
  22.674079000018537,
  23.94987399992533,
  22.66909629991278,
  23.789810999995098,
  23.25703340000473,
  23.296550799976103,
  22.480952200014144,
  22.742398799979128,
  22.62494509993121,
  22.852397099952213,
  23.852749399957247,
  22.25558330002241,
  24.109180700033903,
  23.61508340004366
 ],