{
 "compliance": [
  26.021441160382494,
  16.43937746985182,
  11.860526518389676,
  9.769336802995184,
  8.85100500981616,
  8.132565049938236,
  7.502798804324479,
  6.929549885311031,
  6.499875277667087,
  6.1444536067825055,
  5.832091869863497,
  5.563768613746792,
  5.335673691634069,
  5.142229611073521,
  4.979991253918499,
  4.851927860901352,
  4.762911978020751,
  4.706264418889691,
  4.669551751824145,
  4.643682304744771,
  4.6227901776876985,
  4.604069007425036,
  4.586815407812675,
  4.570907083899085,
  4.5562899091693705,
  4.54194800624524,
  4.527775459518891,
  4.514533555314991,
  4.501866441930733,
  4.491136404186939,
  4.482697077636809,
  4.476463149377047,
  4.471866914118096,
  4.468093833689638,
  4.464923207858384,
  4.462612838888099
 ],
 "change": [
  0.20000000000000007,
  0.20000000000000007,
  0.20000000000000007,
  0.20000000000000007,
  0.1947426664484384,
  0.20000000000000007,
  0.1650651693055375,
  0.12703873728042736,
  0.13749146710124427,
  0.1544552824099814,
  0.15134705900119239,
  0.14163318728728413,
  0.11494279792029938,
  0.10097910702608381,
  0.09408543596737906,
  0.07959230572413456,
  0.06616366639210858,
  0.0487002126406989,
  0.04146742626850841,
  0.040607902191443834,
  0.0388481033920447,
  0.03741729626585222,
  0.036184213389161335,
  0.035537426504471226,
  0.03372272478581306,
  0.031246087363902886,
  0.027907159371953538,
  0.028225212418932943,
  0.027765635690431112,
  0.02500875040869921,
  0.0216408622931748,
  0.017785697659167266,
  0.015564520661937031,
  0.013654287865990988,
  0.012091693807143922,
  0.009908851108165306
 ],
 "volume": [
  0.3999999524011587,
  0.3999999623039127,
  0.40000006694506596,
  0.3999998333480317,
  0.40000013272261803,
  0.3999998871331787,
  0.399999919901045,
  0.3999998567866919,
  0.39999982587038113,
  0.3999998175293544,
  0.39999990633623295,
  0.399999928715826,
  0.3999997880182342,
  0.3999999144922998,
  0.4000002091837576,
  0.400000132533476,
  0.40000002846014066,
  0.3999998468236066,
  0.4000000382606975,
  0.39999993506336595,
  0.3999999878424816,
  0.40000002850325017,
  0.3999999013358334,
  0.3999999713934293,
  0.40000001403616947,
  0.4000000537371564,
  0.39999999359514093,
  0.39999990894894893,
  0.3999999786535565,
  0.3999999499358693,
  0.40000005406426564,
  0.39999995280151573,
  0.40000001288490683,
  0.4000000722577302,
  0.3999999395496292,
  0.399999921016438
 ],
 "cg_iters": [
  0,
  0,
  0,
  0,
  0,
  0,
  0,
  0,
  0,
  0,
  0,
  0,
  0,
  0,
  0,
  0,
  0,
  0,
  0,
  0,
  0,
  0,
  0,
  0,
  0,
  0,
  0,
  0,
  0,
  0,
  0,
  0,
  0,
  0,
  0,
  0
 ],
 "t_solve": [
  0.12015025700020487,
  0.11599552700045024,
  0.11588397600007738,
  0.11179028500009736,
  0.11971427600019524,
  0.11596505499983323,
  0.1102122309994229,
  0.1114420660005635,
  0.11412869000014325,
  0.11326498399921547,
  0.11754668499997933,
  0.11506868100059364,
  0.11544074500034185,
  0.12015789699944435,
  0.12459102100001473,
  0.1100056819996098,
  0.11115839200010669,
  0.11676335799984372,
  0.12055857499944977,
  0.11584308900000906,
  0.11809387499943114,
  0.11698289400010253,
  0.11156763199960551,
  0.11232471400035138,
  0.11308207099955325,
  0.11238008800046373,
  0.11127771199971903,
  0.11313324000002467,
  0.11137014299947623,
  0.11118716999953904,
  0.11191665899968939,
  0.11671219500021834,
  0.12154400100007479,
  0.12145386399970448,
  0.12178368199965917,
  0.1192401409998638
 ],
 "t_grad_filter": [
  0.00010544599990680581,
  9.371699979965342e-05,
  0.00010924600064754486,
  0.00020100100027775625,
  9.540100018057274e-05,
  9.306500032835174e-05,
  0.00011613500009843847,
  9.790599960979307e-05,
  0.00010031700003310107,
  0.00010963600016111741,
  9.339099960925523e-05,
  0.00010922899946308462,
  9.527499969408382e-05,
  9.191300068778219e-05,
  9.098399914364563e-05,
  9.00229997569113e-05,
  9.718599994812394e-05,
  0.000159754000378598,
  9.818900070968084e-05,
  0.0001016690002870746,
  9.176100047625368e-05,
  9.076399965124438e-05,
  0.00010053200003312668,
  0.00010091399963130243,
  0.00011711500064848224,
  9.751899960974697e-05,
  0.00011164300030941376,
  0.00010728500001278007,
  9.427300028619356e-05,
  9.906700051942607e-05,
  9.794600009627175e-05,
  9.591199977876386e-05,
  0.00011493599959067069,
  9.815200064622331e-05,
  9.764200058270944e-05,
  0.00010503799967409577
 ],
 "t_oc": [
  0.0006463280005846173,
  0.0006403999996109633,
  0.0006101639992266428,
  0.0009648699997342192,
  0.0006311690003713011,
  0.0005987909999021213,
  0.0006142219999674126,
  0.000626033999651554,
  0.0006622190003326978,
  0.0006476489998021862,
  0.0006091810000725673,
  0.0005850779998581856,
  0.00061407999965013,
  0.0012333909999142634,
  0.0006837990003987215,
  0.0006132450007498846,
  0.0007101959999999963,
  0.0006671879991699825,
  0.000661780999507755,
  0.0006460369995693327,
  0.0006286759999056812,
  0.0009265529997719568,
  0.0006421300004149089,
  0.0006156300005386584,
  0.0006619209998461884,
  0.0006261569997150218,
  0.0006362499998431304,
  0.0005995559995426447,
  0.0006114530006016139,
  0.0006255469997995533,
  0.0006219690003490541,
  0.0006476850003309664,
  0.0006136090005384176,
  0.0006155419996503042,
  0.0006947900001250673,
  0.0006330440000965609
 ],
 "rss_mb": [
  176.119808,
  186.249216,
  186.249216,
  186.249216,
  186.249216,
  186.314752,
  186.314752,
  186.314752,
  186.314752,
  186.314752,
  186.314752,
  186.314752,
  186.314752,
  186.314752,
  186.314752,
  186.314752,
  186.314752,
  186.314752,
  186.314752,
  186.314752,
  186.314752,
  186.314752,
  186.314752,
  186.314752,
  186.314752,
  186.314752,
  186.314752,
  186.314752,
  186.314752,
  186.314752,
  186.314752,
  186.314752,
  186.314752,
  186.314752,
  186.314752,
  186.314752
 ],
 "c_cases": [
  [
   26.021441160382494
  ],
  [
   16.43937746985182
  ],
  [
   11.860526518389676
  ],
  [
   9.769336802995184
  ],
  [
   8.85100500981616
  ],
  [
   8.132565049938236
  ],
  [
   7.502798804324479
  ],
  [
   6.929549885311031
  ],
  [
   6.499875277667087
  ],
  [
   6.1444536067825055
  ],
  [
   5.832091869863497
  ],
  [
   5.563768613746792
  ],
  [
   5.335673691634069
  ],
  [
   5.142229611073521
  ],
  [
   4.979991253918499
  ],
  [
   4.851927860901352
  ],
  [
   4.762911978020751
  ],
  [
   4.706264418889691
  ],
  [
   4.669551751824145
  ],
  [
   4.643682304744771
  ],
  [
   4.6227901776876985
  ],
  [
   4.604069007425036
  ],
  [
   4.586815407812675
  ],
  [
   4.570907083899085
  ],
  [
   4.5562899091693705
  ],
  [
   4.54194800624524
  ],
  [
   4.527775459518891
  ],
  [
   4.514533555314991
  ],
  [
   4.501866441930733
  ],
  [
   4.491136404186939
  ],
  [
   4.482697077636809
  ],
  [
   4.476463149377047
  ],
  [
   4.471866914118096
  ],
  [
   4.468093833689638
  ],
  [
   4.464923207858384
  ],
  [
   4.462612838888099
  ]
 ]
}