{
 "compliance": [
  26.021441160382494,
  16.43937746985182,
  11.860526518389676,
  9.769336802995184,
  8.85100500981616,
  8.132565049938236,
  7.502798804324479,
  6.929549885311031,
  6.499875277667087,
  6.1444536067825055,
  5.832091869863497,
  5.563768613746792,
  5.335673691634069,
  5.142229611073521,
  4.979991253918499,
  4.851927860901352,
  4.762911978020751,
  4.706264418889691,
  4.669551751824145,
  4.643682304744771,
  4.6227901776876985,
  4.604069007425036,
  4.586815407812675,
  4.570907083899085,
  4.5562899091693705,
  4.54194800624524,
  4.527775459518891,
  4.514533555314991,
  4.501866441930733,
  4.491136404186939,
  4.482697077636809,
  4.476463149377047,
  4.471866914118096,
  4.468093833689638,
  4.464923207858384,
  4.462612838888099,
  4.46091020408832
 ],
 "change": [
  0.20000000000000007,
  0.20000000000000007,
  0.20000000000000007,
  0.20000000000000007,
  0.1947426664484384,
  0.20000000000000007,
  0.1650651693055375,
  0.12703873728042736,
  0.13749146710124427,
  0.1544552824099814,
  0.15134705900119239,
  0.14163318728728413,
  0.11494279792029938,
  0.10097910702608381,
  0.09408543596737906,
  0.07959230572413456,
  0.06616366639210858,
  0.0487002126406989,
  0.04146742626850841,
  0.040607902191443834,
  0.0388481033920447,
  0.03741729626585222,
  0.036184213389161335,
  0.035537426504471226,
  0.03372272478581306,
  0.031246087363902886,
  0.027907159371953538,
  0.028225212418932943,
  0.027765635690431112,
  0.02500875040869921,
  0.0216408622931748,
  0.017785697659167266,
  0.015564520661937031,
  0.013654287865990988,
  0.012091693807143922,
  0.009908851108165306,
  0.008918740586621454
 ],
 "volume": [
  0.3999999524011587,
  0.3999999623039127,
  0.40000006694506596,
  0.3999998333480317,
  0.40000013272261803,
  0.3999998871331787,
  0.399999919901045,
  0.3999998567866919,
  0.39999982587038113,
  0.3999998175293544,
  0.39999990633623295,
  0.399999928715826,
  0.3999997880182342,
  0.3999999144922998,
  0.4000002091837576,
  0.400000132533476,
  0.40000002846014066,
  0.3999998468236066,
  0.4000000382606975,
  0.39999993506336595,
  0.3999999878424816,
  0.40000002850325017,
  0.3999999013358334,
  0.3999999713934293,
  0.40000001403616947,
  0.4000000537371564,
  0.39999999359514093,
  0.39999990894894893,
  0.3999999786535565,
  0.3999999499358693,
  0.40000005406426564,
  0.39999995280151573,
  0.40000001288490683,
  0.4000000722577302,
  0.3999999395496292,
  0.399999921016438,
  0.39999993278676305
 ],
 "cg_iters": [
  0,
  0,
  0,
  0,
  0,
  0,
  0,
  0,
  0,
  0,
  0,
  0,
  0,
  0,
  0,
  0,
  0,
  0,
  0,
  0,
  0,
  0,
  0,
  0,
  0,
  0,
  0,
  0,
  0,
  0,
  0,
  0,
  0,
  0,
  0,
  0,
  0
 ],
 "t_solve": [
  0.1547709889998714,
  0.19154971800003295,
  0.15441745999987688,
  0.1489889829999811,
  0.1399899750001623,
  0.13880842799994753,
  0.12943232899988288,
  0.13717985200014482,
  0.15421926799990615,
  0.15372712499993213,
  0.14564348500016422,
  0.14273723800010885,
  0.1409407689998261,
  0.14329350100001648,
  0.150674767000055,
  0.1442704450000747,
  0.1412583609999274,
  0.1369965429998956,
  0.13850512700014406,
  0.1370707459998357,
  0.14664167800015093,
  0.14355464400000528,
  0.1437844029999269,
  0.14116369299995313,
  0.14034231499999805,
  0.14904093800009832,
  0.140165277000051,
  0.13977896000005785,
  0.13548659599996427,
  0.13856108000004497,
  0.12677915499989467,
  0.1547360340000523,
  0.16289139700006672,
  0.1448396970001795,
  0.13260873800004447,
  0.1375658409999687,
  0.1354270589999942
 ],
 "t_grad_filter": [
  0.00013081100019007863,
  0.0003150749998894753,
  0.00012319200004640152,
  0.0001265240000520862,
  0.00015116999998099345,
  0.00015548999999737134,
  0.0001043409999965661,
  0.00010845599990716437,
  0.0001364750000902859,
  0.0001306740000472928,
  0.0001285169998936908,
  0.00014923699995961215,
  0.0001978790000976005,
  0.0001253000000360771,
  0.00013227800013737578,
  0.00015428999995492632,
  0.00011982900014118059,
  0.00012973600018995057,
  0.00012572699984048086,
  0.0001117470001190668,
  0.00012356699994597875,
  0.00013340900000002875,
  0.00013642400017488399,
  0.00013171399996281252,
  0.00016024299998207425,
  0.00013428300007944927,
  0.00012407099984557135,
  0.00011184899994987063,
  0.0001661810001678532,
  0.00014326799987429695,
  0.00011038900015591935,
  0.0005195500000354514,
  0.000245309000092675,
  0.0001170079999610607,
  0.00014320700006464904,
  0.00010803300006045902,
  0.0001071629999387369
 ],
 "t_oc": [
  0.0007263309998961631,
  0.0009208370001942967,
  0.0007225819999803207,
  0.0007341889997860562,
  0.0007408499998291518,
  0.0009834790000695648,
  0.0007531960000051185,
  0.0007114289999208268,
  0.0008194619999812858,
  0.0008669339999869408,
  0.0007282770000074379,
  0.00171081000007689,
  0.0013005989999328449,
  0.0007192640000539541,
  0.0007202130000223406,
  0.0007822100001249055,
  0.0007665939999697002,
  0.0007488909998301096,
  0.0008229459999711253,
  0.0007361509999554983,
  0.0007240590000492375,
  0.0007892610001363209,
  0.0008433139998942352,
  0.0008008750000954024,
  0.0007937630000469653,
  0.0010033129999555968,
  0.000775698000097691,
  0.0007340940001085983,
  0.0007626459998846258,
  0.0007520450001265999,
  0.0007530509999469359,
  0.0014380049999545008,
  0.0008489489998737554,
  0.0007393880000563513,
  0.0007933299998512666,
  0.0007658330000595015,
  0.0007830120000562601
 ],
 "rss_mb": [
  176.750592,
  186.875904,
  186.875904,
  186.875904,
  186.875904,
  186.94144,
  186.94144,
  186.94144,
  186.94144,
  186.94144,
  186.94144,
  186.94144,
  186.94144,
  186.94144,
  186.94144,
  186.94144,
  186.94144,
  186.94144,
  186.94144,
  186.94144,
  186.94144,
  186.94144,
  186.94144,
  186.94144,
  186.94144,
  186.94144,
  186.94144,
  186.94144,
  186.94144,
  186.94144,
  186.94144,
  186.94144,
  186.94144,
  186.94144,
  186.94144,
  186.94144,
  176.705536
 ],
 "c_cases": [
  [
   26.021441160382494
  ],
  [
   16.43937746985182
  ],
  [
   11.860526518389676
  ],
  [
   9.769336802995184
  ],
  [
   8.85100500981616
  ],
  [
   8.132565049938236
  ],
  [
   7.502798804324479
  ],
  [
   6.929549885311031
  ],
  [
   6.499875277667087
  ],
  [
   6.1444536067825055
  ],
  [
   5.832091869863497
  ],
  [
   5.563768613746792
  ],
  [
   5.335673691634069
  ],
  [
   5.142229611073521
  ],
  [
   4.979991253918499
  ],
  [
   4.851927860901352
  ],
  [
   4.762911978020751
  ],
  [
   4.706264418889691
  ],
  [
   4.669551751824145
  ],
  [
   4.643682304744771
  ],
  [
   4.6227901776876985
  ],
  [
   4.604069007425036
  ],
  [
   4.586815407812675
  ],
  [
   4.570907083899085
  ],
  [
   4.5562899091693705
  ],
  [
   4.54194800624524
  ],
  [
   4.527775459518891
  ],
  [
   4.514533555314991
  ],
  [
   4.501866441930733
  ],
  [
   4.491136404186939
  ],
  [
   4.482697077636809
  ],
  [
   4.476463149377047
  ],
  [
   4.471866914118096
  ],
  [
   4.468093833689638
  ],
  [
   4.464923207858384
  ],
  [
   4.462612838888099
  ],
  [
   4.46091020408832
  ]
 ]
}