{
 "compliance": [
  18.57335026433703,
  7.5142986885571235,
  4.311368212618579,
  2.798026660571071,
  2.0631936015785106,
  1.6363108708867713,
  1.4262812091620471,
  1.3579228189264672,
  1.335379368515849,
  1.3263513441605679,
  1.321977895446626,
  1.31957635982334,
  1.3180859718185773,
  1.3168928194251028,
  1.315868930406068,
  1.3149001553512076,
  1.3139837303387032,
  1.3132604893328046,
  1.3126466617234385,
  1.312158585043392,
  1.31183601960262,
  1.3116401647367657,
  1.311517308263062
 ],
 "change": [
  0.20000000000000007,
  0.20000000000000007,
  0.20000000000000007,
  0.20000000000000007,
  0.20000000000000007,
  0.20000000000000007,
  0.20000000000000007,
  0.14933391051360956,
  0.09047388739076911,
  0.07017183956495765,
  0.05343104676474153,
  0.047430120020637734,
  0.05241474107049948,
  0.05530284717463729,
  0.055948456019569104,
  0.05357492153547333,
  0.04778609647892579,
  0.03949485672414732,
  0.03051348230198056,
  0.022351001888092636,
  0.01565377692463729,
  0.011390385412262671,
  0.009501717806960297
 ],
 "volume": [
  0.3500000835752464,
  0.3499999759204483,
  0.3499999222184308,
  0.34999977540593485,
  0.350000071975839,
  0.3500000761999014,
  0.3500000226505725,
  0.3499999615590176,
  0.35000005938106327,
  0.34999996024201707,
  0.35000003427616466,
  0.35000002621520326,
  0.35000006970917863,
  0.34999994145132235,
  0.35000002530694985,
  0.3499999288099357,
  0.34999991838709765,
  0.3500000032071478,
  0.349999956655567,
  0.34999996196021443,
  0.34999992949014463,
  0.35000008360311485,
  0.350000030493198
 ],
 "cg_iters": [
  0,
  0,
  0,
  0,
  0,
  0,
  0,
  0,
  0,
  0,
  0,
  0,
  0,
  0,
  0,
  0,
  0,
  0,
  0,
  0,
  0,
  0,
  0
 ],
 "t_solve": [
  0.11313781300009396,
  0.1055135680001058,
  0.10539984100000765,
  0.10495956999989176,
  0.10295665400008147,
  0.10221257900002456,
  0.10164243300005182,
  0.10330257000009624,
  0.10330493700007537,
  0.10832694100008666,
  0.10464824500013492,
  0.1061096749999706,
  0.10093222599994078,
  0.1040222450001238,
  0.10578337500010093,
  0.1028562660001171,
  0.10132481999994525,
  0.10907128899998497,
  0.10712933600007091,
  0.10132827999996152,
  0.10250354400000106,
  0.10086120999994819,
  0.10266928100008954
 ],
 "t_grad_filter": [
  0.0001254229998721712,
  0.00011752899990824517,
  0.00013112400006320968,
  0.000120550000019648,
  0.00012196099987704656,
  0.00012460199991437548,
  0.00012847800007875776,
  0.00022208799987311068,
  0.00012464700012060348,
  0.0001162339999609685,
  0.00011332700000821205,
  0.00011352800015629327,
  0.0001149679999343789,
  0.00011071199992329639,
  0.00011628299989752122,
  0.00011928499998248299,
  0.00012140900003032584,
  0.00011165699993398448,
  0.00011176299994986039,
  0.00011718200016730407,
  0.0001167830000667891,
  0.00011542900006134005,
  0.00011425899992900668
 ],
 "t_oc": [
  0.0008568780001496634,
  0.0008315600000514678,
  0.000830017999987831,
  0.000839795000047161,
  0.0008584350000546692,
  0.0008399079999890091,
  0.000818371999912415,
  0.001781396000069435,
  0.0008180009999705362,
  0.0008562479999909556,
  0.0008364539999092813,
  0.0008603139999650011,
  0.0008330870000463619,
  0.0008311080000567017,
  0.0008433190000687318,
  0.0008345319999989442,
  0.0008371789999728207,
  0.0008290860000670364,
  0.0008598829999755253,
  0.0008494579999478447,
  0.0008462660000532196,
  0.0008432739998625038,
  0.0008329690001573908
 ],
 "rss_mb": [
  169.013248,
  177.426432,
  177.426432,
  177.426432,
  177.426432,
  177.491968,
  177.491968,
  177.491968,
  177.491968,
  177.491968,
  177.491968,
  177.491968,
  177.491968,
  177.491968,
  177.491968,
  177.491968,
  177.491968,
  177.491968,
  177.491968,
  177.491968,
  177.491968,
  177.491968,
  177.491968
 ],
 "c_cases": [
  [
   18.57335026433703
  ],
  [
   7.5142986885571235
  ],
  [
   4.311368212618579
  ],
  [
   2.798026660571071
  ],
  [
   2.0631936015785106
  ],
  [
   1.6363108708867713
  ],
  [
   1.4262812091620471
  ],
  [
   1.3579228189264672
  ],
  [
   1.335379368515849
  ],
  [
   1.3263513441605679
  ],
  [
   1.321977895446626
  ],
  [
   1.31957635982334
  ],
  [
   1.3180859718185773
  ],
  [
   1.3168928194251028
  ],
  [
   1.315868930406068
  ],
  [
   1.3149001553512076
  ],
  [
   1.3139837303387032
  ],
  [
   1.3132604893328046
  ],
  [
   1.3126466617234385
  ],
  [
   1.312158585043392
  ],
  [
   1.31183601960262
  ],
  [
   1.3116401647367657
  ],
  [
   1.311517308263062
  ]
 ]
}