{
 "compliance": [
  18.57335026433703,
  7.5142986885571235,
  4.311368212618579,
  2.798026660571071,
  2.0631936015785106,
  1.6363108708867713,
  1.4262812091620471,
  1.3579228189264672,
  1.335379368515849,
  1.3263513441605679,
  1.321977895446626,
  1.31957635982334,
  1.3180859718185773,
  1.3168928194251028,
  1.315868930406068,
  1.3149001553512076,
  1.3139837303387032,
  1.3132604893328046,
  1.3126466617234385,
  1.312158585043392,
  1.31183601960262,
  1.3116401647367657,
  1.311517308263062
 ],
 "change": [
  0.20000000000000007,
  0.20000000000000007,
  0.20000000000000007,
  0.20000000000000007,
  0.20000000000000007,
  0.20000000000000007,
  0.20000000000000007,
  0.14933391051360956,
  0.09047388739076911,
  0.07017183956495765,
  0.05343104676474153,
  0.047430120020637734,
  0.05241474107049948,
  0.05530284717463729,
  0.055948456019569104,
  0.05357492153547333,
  0.04778609647892579,
  0.03949485672414732,
  0.03051348230198056,
  0.022351001888092636,
  0.01565377692463729,
  0.011390385412262671,
  0.009501717806960297
 ],
 "volume": [
  0.3500000835752464,
  0.3499999759204483,
  0.3499999222184308,
  0.34999977540593485,
  0.350000071975839,
  0.3500000761999014,
  0.3500000226505725,
  0.3499999615590176,
  0.35000005938106327,
  0.34999996024201707,
  0.35000003427616466,
  0.35000002621520326,
  0.35000006970917863,
  0.34999994145132235,
  0.35000002530694985,
  0.3499999288099357,
  0.34999991838709765,
  0.3500000032071478,
  0.349999956655567,
  0.34999996196021443,
  0.34999992949014463,
  0.35000008360311485,
  0.350000030493198
 ],
 "cg_iters": [
  0,
  0,
  0,
  0,
  0,
  0,
  0,
  0,
  0,
  0,
  0,
  0,
  0,
  0,
  0,
  0,
  0,
  0,
  0,
  0,
  0,
  0,
  0
 ],
 "t_solve": [
  0.09357679999993707,
  0.09052276100010204,
  0.09142561299995577,
  0.08942534100015109,
  0.09085900899981425,
  0.09010481799987247,
  0.0902292200003103,
  0.08954866399972161,
  0.08875857300017742,
  0.08947379199980787,
  0.08974787199986167,
  0.0891360400000849,
  0.09099777399978848,
  0.08881320999989839,
  0.0896150920002583,
  0.08984613699976762,
  0.08850787200026389,
  0.08891971999992165,
  0.09569187600027362,
  0.09213734800005113,
  0.09048592699991787,
  0.08882119399959265,
  0.08911592300000848
 ],
 "t_grad_filter": [
  0.00010908700005529681,
  0.00010127599989573355,
  0.00010630200040395721,
  0.00011769000002459507,
  0.00011843400034194929,
  0.00010105900037160609,
  9.797599977900973e-05,
  9.651600021243212e-05,
  0.00010741999994934304,
  9.774999989531352e-05,
  9.98739997157827e-05,
  0.00010098299981109449,
  0.00010286599990649847,
  0.00011528599998200662,
  0.00011450400006651762,
  0.00010140599988517351,
  9.842199960985454e-05,
  0.00011709399996107095,
  0.0001108209999074461,
  0.00010829100028786343,
  0.00010728100005508168,
  0.00010177000012845383,
  0.00010263600006510387
 ],
 "t_oc": [
  0.0007165990000430611,
  0.0006650119998994342,
  0.0006868779996693775,
  0.000690327000029356,
  0.0007115979997251998,
  0.000666075000026467,
  0.000746436000099493,
  0.0006899449999764329,
  0.0007113669998943806,
  0.0006927210001776984,
  0.0007169440000325267,
  0.0007218190003186464,
  0.0007464240002263978,
  0.000708602000031533,
  0.0007453179996446124,
  0.0007062439999572234,
  0.0006873820002510911,
  0.0006949409998924239,
  0.000730814999769791,
  0.0006994109999141074,
  0.0007589270003336424,
  0.0006928679999873566,
  0.000720185999853129
 ],
 "rss_mb": [
  168.779776,
  177.19296,
  177.19296,
  177.19296,
  177.19296,
  177.258496,
  177.258496,
  177.258496,
  177.258496,
  177.258496,
  177.258496,
  177.258496,
  177.258496,
  177.258496,
  177.258496,
  177.258496,
  177.258496,
  177.258496,
  177.258496,
  177.258496,
  177.258496,
  177.258496,
  177.258496
 ],
 "c_cases": [
  [
   18.57335026433703
  ],
  [
   7.5142986885571235
  ],
  [
   4.311368212618579
  ],
  [
   2.798026660571071
  ],
  [
   2.0631936015785106
  ],
  [
   1.6363108708867713
  ],
  [
   1.4262812091620471
  ],
  [
   1.3579228189264672
  ],
  [
   1.335379368515849
  ],
  [
   1.3263513441605679
  ],
  [
   1.321977895446626
  ],
  [
   1.31957635982334
  ],
  [
   1.3180859718185773
  ],
  [
   1.3168928194251028
  ],
  [
   1.315868930406068
  ],
  [
   1.3149001553512076
  ],
  [
   1.3139837303387032
  ],
  [
   1.3132604893328046
  ],
  [
   1.3126466617234385
  ],
  [
   1.312158585043392
  ],
  [
   1.31183601960262
  ],
  [
   1.3116401647367657
  ],
  [
   1.311517308263062
  ]
 ]
}