{
 "compliance": [
  25.95503713316015,
  16.172680528462234,
  11.575615895470344,
  9.731275642348225,
  8.907084161806745,
  8.31429766515345,
  7.947789458015051,
  7.580118121828592,
  7.2785312442299075,
  6.928352007040786,
  6.596080188649607,
  6.235453219604197,
  5.894403983588813,
  5.565111178413135,
  5.2480423116277795,
  4.994797867812464,
  4.7680444324381135,
  4.599790336289564,
  4.459718494990479,
  4.357120428178147,
  4.275562231691621,
  4.2163082730061285,
  4.170039919974099,
  4.136186027702232,
  4.109366781515645,
  4.089046956806763,
  4.07235117318952,
  4.059180589535249,
  4.0475376937147844,
  4.038655832121092,
  4.029794767523971,
  4.023255194534077,
  4.0165425339605765,
  4.011876889139916,
  4.007078758136473,
  4.003576167579177,
  4.000690801210902,
  3.998247877310447,
  3.9961578603588044,
  3.9943817440954987,
  3.992807090551477,
  3.9914907811382356
 ],
 "change": [
  0.20000000000000007,
  0.20000000000000007,
  0.19999999999999996,
  0.16919823102261528,
  0.140506797948322,
  0.16561572926064977,
  0.12496157396412244,
  0.15824156412635548,
  0.116012931438505,
  0.13325985156306264,
  0.13311026466425646,
  0.10032345542452537,
  0.15045814608466457,
  0.10630574519842151,
  0.08181389331442412,
  0.06951447263120292,
  0.07042886138601856,
  0.05356488714059643,
  0.05315905258675613,
  0.04414854139043489,
  0.03825125891132031,
  0.033413742812933966,
  0.02812241939433391,
  0.02779628951863311,
  0.022124845555840822,
  0.023583124202491312,
  0.018760997114062317,
  0.020222674127467366,
  0.016912342892059673,
  0.017133058025585957,
  0.015079012070828623,
  0.01615189736698719,
  0.01371630948158864,
  0.015096931686301773,
  0.012688563797839891,
  0.013811394919130193,
  0.012147267166953024,
  0.012382088439063188,
  0.011161759678313343,
  0.011121385884494406,
  0.010288537966775868,
  0.009988728310765471
 ],
 "volume": [
  0.3499998525679091,
  0.3499997637194802,
  0.3500001702672336,
  0.35000020439782886,
  0.3500001584883395,
  0.35000022733092717,
  0.3499998940543173,
  0.3499997444390215,
  0.34999984428425346,
  0.34999979821620186,
  0.34999993928860185,
  0.350000106578442,
  0.3499999821586642,
  0.3499998905042946,
  0.350000083605588,
  0.35000001301061523,
  0.34999993827775544,
  0.3499999939383452,
  0.3499998749348657,
  0.35000019202248633,
  0.350000112945536,
  0.3500001720785253,
  0.35000024415730413,
  0.3499998431617991,
  0.35000011086455823,
  0.34999984448720106,
  0.3500002105763709,
  0.349999897967611,
  0.3500000935314078,
  0.34999990591580443,
  0.3499997928520324,
  0.3499997606469283,
  0.34999988685774014,
  0.35000009164966334,
  0.35000012462987995,
  0.34999984679346136,
  0.34999979000900194,
  0.350000237536309,
  0.34999976497610796,
  0.34999985236652653,
  0.349999936172779,
  0.35000007574706465
 ],
 "cg_iters": [
  0,
  0,
  0,
  0,
  0,
  0,
  0,
  0,
  0,
  0,
  0,
  0,
  0,
  0,
  0,
  0,
  0,
  0,
  0,
  0,
  0,
  0,
  0,
  0,
  0,
  0,
  0,
  0,
  0,
  0,
  0,
  0,
  0,
  0,
  0,
  0,
  0,
  0,
  0,
  0,
  0,
  0
 ],
 "t_solve": [
  0.04719638300002771,
  0.039413903000024675,
  0.0330425299999888,
  0.03191334999996798,
  0.0327365510000277,
  0.04166603999999552,
  0.035270185000001675,
  0.03244696299998395,
  0.033248129000014615,
  0.03295938400003706,
  0.032306047000020044,
  0.03276964899998802,
  0.03670502100004569,
  0.03592360799996186,
  0.03456272500000068,
  0.03235670300000493,
  0.03134383399998342,
  0.032316566999952556,
  0.03212881299998571,
  0.03187391099999104,
  0.03671875899999577,
  0.03522059400000899,
  0.03318560600001774,
  0.03216176300003326,
  0.032773969999993824,
  0.03184559200002468,
  0.03148827100000062,
  0.03142748400000528,
  0.039833770000029745,
  0.03545144499997832,
  0.03892982200000006,
  0.03928820800001631,
  0.036923048000005565,
  0.036990548000005674,
  0.04296149200001764,
  0.040862619000051836,
  0.041597576000015124,
  0.03730562999999165,
  0.03501859699997567,
  0.03376736899997468,
  0.03261293499997464,
  0.03227705799997693
 ],
 "t_grad_filter": [
  9.357599998338628e-05,
  0.0001311039999905006,
  9.26940000454124e-05,
  0.00010930799999187002,
  0.00010491099999399012,
  0.00010240099999236918,
  9.974599998940903e-05,
  0.0001061660000232223,
  0.00010308699995675852,
  0.00010902499997200721,
  0.00010085099995649216,
  0.00014019600001802246,
  0.00012738699996361902,
  0.00010851799999045397,
  9.766599998783931e-05,
  0.00011089599996694233,
  0.00013070299996797985,
  0.00013327300001719777,
  9.710299997323091e-05,
  0.00011157800003047669,
  9.619399997973233e-05,
  8.881200000132594e-05,
  9.04529999843362e-05,
  9.606699995856616e-05,
  9.560099999816885e-05,
  9.950099996558492e-05,
  0.00015494800004489662,
  0.00011723700004040438,
  0.00010802399998510737,
  0.00010197599999628437,
  0.00010141899997506698,
  0.0002560529999868777,
  0.0001134830000069087,
  9.947400002374707e-05,
  0.00010844000001952736,
  0.00010208699995928328,
  0.00010965699999587741,
  0.00010435800004415796,
  0.0001086950000512843,
  0.00014755000000832297,
  9.050599999227416e-05,
  9.53069999809486e-05
 ],
 "t_oc": [
  0.0006010719999949288,
  0.0006137959999819032,
  0.000592657999959556,
  0.0005950230000166812,
  0.0005799349999620063,
  0.0006716049999795359,
  0.0005775559999960933,
  0.0005853539999520763,
  0.0006453740000438302,
  0.0005951050000021496,
  0.0005950590000338707,
  0.0005730249999942316,
  0.0006372999999939566,
  0.0006686800000466064,
  0.0005832109999914792,
  0.0005909559999963676,
  0.0006037570000216874,
  0.0006467520000228433,
  0.00058883600001991,
  0.0006244839999567375,
  0.0006516970000234323,
  0.0005817329999899812,
  0.0005826809999689431,
  0.0006170270000325218,
  0.0006040339999913158,
  0.0005876720000514979,
  0.0006069460000048821,
  0.0005935369999860995,
  0.0006024420000017017,
  0.0005905730000108633,
  0.0006089440000209834,
  0.0007334050000054049,
  0.000674460999960047,
  0.0006067679999546272,
  0.0006181779999678838,
  0.0006139860000189401,
  0.0006138589999977739,
  0.0007253809999951955,
  0.0006110979999789379,
  0.0005843659999982265,
  0.0006189570000287858,
  0.0006043600000111837
 ],
 "rss_mb": [
  166.367232,
  169.938944,
  169.938944,
  169.938944,
  169.938944,
  165.588992,
  171.667456,
  171.667456,
  171.667456,
  171.667456,
  171.667456,
  171.667456,
  171.667456,
  171.667456,
  171.667456,
  171.667456,
  171.667456,
  171.667456,
  171.667456,
  171.667456,
  171.667456,
  171.667456,
  171.667456,
  171.667456,
  171.667456,
  171.667456,
  171.667456,
  171.667456,
  171.667456,
  171.667456,
  171.667456,
  171.667456,
  171.667456,
  171.667456,
  171.667456,
  171.667456,
  171.667456,
  171.667456,
  171.667456,
  171.667456,
  171.667456,
  171.667456
 ],