{
 "compliance": [
  25.95503713316015,
  16.172680528462234,
  11.575615895470344,
  9.731275642348225,
  8.907084161806745,
  8.31429766515345,
  7.947789458015051,
  7.580118121828592,
  7.2785312442299075,
  6.928352007040786,
  6.596080188649607,
  6.235453219604197,
  5.894403983588813,
  5.565111178413135,
  5.2480423116277795,
  4.994797867812464,
  4.7680444324381135,
  4.599790336289564,
  4.459718494990479,
  4.357120428178147,
  4.275562231691621,
  4.2163082730061285,
  4.170039919974099,
  4.136186027702232,
  4.109366781515645,
  4.089046956806763,
  4.07235117318952,
  4.059180589535249,
  4.0475376937147844,
  4.038655832121092,
  4.029794767523971,
  4.023255194534077,
  4.0165425339605765,
  4.011876889139916,
  4.007078758136473,
  4.003576167579177,
  4.000690801210902,
  3.998247877310447,
  3.9961578603588044,
  3.9943817440954987,
  3.992807090551477,
  3.9914907811382356
 ],
 "change": [
  0.20000000000000007,
  0.20000000000000007,
  0.19999999999999996,
  0.16919823102261528,
  0.140506797948322,
  0.16561572926064977,
  0.12496157396412244,
  0.15824156412635548,
  0.116012931438505,
  0.13325985156306264,
  0.13311026466425646,
  0.10032345542452537,
  0.15045814608466457,
  0.10630574519842151,
  0.08181389331442412,
  0.06951447263120292,
  0.07042886138601856,
  0.05356488714059643,
  0.05315905258675613,
  0.04414854139043489,
  0.03825125891132031,
  0.033413742812933966,
  0.02812241939433391,
  0.02779628951863311,
  0.022124845555840822,
  0.023583124202491312,
  0.018760997114062317,
  0.020222674127467366,
  0.016912342892059673,
  0.017133058025585957,
  0.015079012070828623,
  0.01615189736698719,
  0.01371630948158864,
  0.015096931686301773,
  0.012688563797839891,
  0.013811394919130193,
  0.012147267166953024,
  0.012382088439063188,
  0.011161759678313343,
  0.011121385884494406,
  0.010288537966775868,
  0.009988728310765471
 ],
 "volume": [
  0.3499998525679091,
  0.3499997637194802,
  0.3500001702672336,
  0.35000020439782886,
  0.3500001584883395,
  0.35000022733092717,
  0.3499998940543173,
  0.3499997444390215,
  0.34999984428425346,
  0.34999979821620186,
  0.34999993928860185,
  0.350000106578442,
  0.3499999821586642,
  0.3499998905042946,
  0.350000083605588,
  0.35000001301061523,
  0.34999993827775544,
  0.3499999939383452,
  0.3499998749348657,
  0.35000019202248633,
  0.350000112945536,
  0.3500001720785253,
  0.35000024415730413,
  0.3499998431617991,
  0.35000011086455823,
  0.34999984448720106,
  0.3500002105763709,
  0.349999897967611,
  0.3500000935314078,
  0.34999990591580443,
  0.3499997928520324,
  0.3499997606469283,
  0.34999988685774014,
  0.35000009164966334,
  0.35000012462987995,
  0.34999984679346136,
  0.34999979000900194,
  0.350000237536309,
  0.34999976497610796,
  0.34999985236652653,
  0.349999936172779,
  0.35000007574706465
 ],
 "cg_iters": [
  0,
  0,
  0,
  0,
  0,
  0,
  0,
  0,
  0,
  0,
  0,
  0,
  0,
  0,
  0,
  0,
  0,
  0,
  0,
  0,
  0,
  0,
  0,
  0,
  0,
  0,
  0,
  0,
  0,
  0,
  0,
  0,
  0,
  0,
  0,
  0,
  0,
  0,
  0,
  0,
  0,
  0
 ],
 "t_solve": [
  0.03149107399985951,
  0.030270683000253484,
  0.029691966000427783,
  0.028851980999661464,
  0.02877495800021279,
  0.029787493999720027,
  0.02834200500001316,
  0.027350416000444966,
  0.02724257000045327,
  0.027087872000265634,
  0.027401095000641362,
  0.027265785000054166,
  0.02770107200012717,
  0.027401768000345328,
  0.029003751999880478,
  0.027896407999833173,
  0.02834014399923035,
  0.02741313699971215,
  0.027503777999299928,
  0.028340989000753325,
  0.027594864999628044,
  0.02718201700008649,
  0.02797528099927149,
  0.027728847999242134,
  0.027660212000228057,
  0.02822543999991467,
  0.029355450999901223,
  0.02792051899996295,
  0.027988127999378776,
  0.027423276999797963,
  0.02851596700020309,
  0.027696128000570752,
  0.027430236000327568,
  0.0274384549993556,
  0.027512317999935476,
  0.027364508999198733,
  0.027465764000226045,
  0.028973821999898064,
  0.02827994499966735,
  0.029331630000342557,
  0.029458728000463452,
  0.02866792000077112
 ],
 "t_grad_filter": [
  9.239800010618637e-05,
  0.00010034299975814065,
  0.00010992199986503692,
  8.595999997851322e-05,
  8.756799979892094e-05,
  0.00017761399976734538,
  8.733199956623139e-05,
  8.719499965081923e-05,
  0.00012602999959199224,
  9.599100030754926e-05,
  8.744499973545317e-05,
  9.245399996871129e-05,
  8.874000013747718e-05,
  8.838299982016906e-05,
  9.12750001589302e-05,
  8.83920001797378e-05,
  8.490100026392611e-05,
  0.000122453000585665,
  8.846900072967401e-05,
  9.787299950403394e-05,
  8.710899965080898e-05,
  9.145599960902473e-05,
  8.574000003136462e-05,
  9.25190006455523e-05,
  9.309599954576697e-05,
  9.432600018044468e-05,
  8.304800030600745e-05,
  8.620300013717497e-05,
  8.603700007370207e-05,
  8.891699962987332e-05,
  0.00020744399989780504,
  9.4534999334428e-05,
  0.0002048659998763469,
  0.00010393000047770329,
  8.660500043333741e-05,
  8.704300034878543e-05,
  9.286699969379697e-05,
  9.328800024377415e-05,
  0.00010046000079455553,
  8.677999994688435e-05,
  0.00015444299970113207,
  0.00010524799927225104
 ],
 "t_oc": [
  0.0004902949999632256,
  0.0005117949999657867,
  0.0006195769997248135,
  0.000524656000379764,
  0.0004915810000056808,
  0.0005090290005682618,
  0.000475869000183593,
  0.00047248800001398195,
  0.000476995000099123,
  0.0004899739997199504,
  0.0005024419997425866,
  0.0004773620003106771,
  0.0005777319993285346,
  0.0005710979994546506,
  0.0005145609993633116,
  0.0005209729997659451,
  0.0005198629996812087,
  0.0005415910000010626,
  0.000504144999467826,
  0.0005163240002730163,
  0.00048165600037464174,
  0.00048306200005754363,
  0.0005177740004000952,
  0.0004903159997411422,
  0.0005211730003793491,
  0.0005215039991526282,
  0.0005147179999767104,
  0.0005034850000811275,
  0.0005072920002930914,
  0.0004780180006491719,
  0.0012564369999381597,
  0.0004927300005874713,
  0.0005148170002939878,
  0.0004884529998889775,
  0.0004808389994650497,
  0.0005309919997671386,
  0.0005323850000422681,
  0.00048951099961414,
  0.0005042409993620822,
  0.0004968539997207699,
  0.000546610999663244,
  0.0005216890003794106
 ],
 "rss_mb": [
  166.03136,
  171.020288,
  171.020288,
  171.020288,
  171.020288,
  167.575552,
  171.147264,
  171.147264,
  171.147264,
  171.147264,
  171.147264,
  171.147264,
  171.147264,
  171.147264,
  171.147264,
  171.147264,
  171.147264,
  171.147264,
  171.147264,
  171.147264,
  171.147264,
  171.147264,
  171.147264,
  171.147264,
  171.147264,
  171.147264,
  171.147264,
  171.147264,
  171.147264,
  171.147264,
  171.147264,
  171.147264,
  171.147264,
  171.147264,
  171.147264,
  171.147264,
  171.147264,
  171.147264,
  171.147264,
  171.147264,
  171.147264,
  171.147264
 ],