{
 "compliance": [
  25.95503713316015,
  16.172680528462234,
  11.575615895470344,
  9.731275642348225,
  8.907084161806745,
  8.31429766515345,
  7.947789458015051,
  7.580118121828592,
  7.2785312442299075,
  6.928352007040786,
  6.596080188649607,
  6.235453219604197,
  5.894403983588813,
  5.565111178413135,
  5.2480423116277795,
  4.994797867812464,
  4.7680444324381135,
  4.599790336289564,
  4.459718494990479,
  4.357120428178147,
  4.275562231691621,
  4.2163082730061285,
  4.170039919974099,
  4.136186027702232,
  4.109366781515645,
  4.089046956806763,
  4.07235117318952,
  4.059180589535249,
  4.0475376937147844,
  4.038655832121092,
  4.029794767523971,
  4.023255194534077,
  4.0165425339605765,
  4.011876889139916,
  4.007078758136473,
  4.003576167579177,
  4.000690801210902,
  3.998247877310447,
  3.9961578603588044,
  3.9943817440954987,
  3.992807090551477,
  3.9914907811382356
 ],
 "change": [
  0.20000000000000007,
  0.20000000000000007,
  0.19999999999999996,
  0.16919823102261528,
  0.140506797948322,
  0.16561572926064977,
  0.12496157396412244,
  0.15824156412635548,
  0.116012931438505,
  0.13325985156306264,
  0.13311026466425646,
  0.10032345542452537,
  0.15045814608466457,
  0.10630574519842151,
  0.08181389331442412,
  0.06951447263120292,
  0.07042886138601856,
  0.05356488714059643,
  0.05315905258675613,
  0.04414854139043489,
  0.03825125891132031,
  0.033413742812933966,
  0.02812241939433391,
  0.02779628951863311,
  0.022124845555840822,
  0.023583124202491312,
  0.018760997114062317,
  0.020222674127467366,
  0.016912342892059673,
  0.017133058025585957,
  0.015079012070828623,
  0.01615189736698719,
  0.01371630948158864,
  0.015096931686301773,
  0.012688563797839891,
  0.013811394919130193,
  0.012147267166953024,
  0.012382088439063188,
  0.011161759678313343,
  0.011121385884494406,
  0.010288537966775868,
  0.009988728310765471
 ],
 "volume": [
  0.3499998525679091,
  0.3499997637194802,
  0.3500001702672336,
  0.35000020439782886,
  0.3500001584883395,
  0.35000022733092717,
  0.3499998940543173,
  0.3499997444390215,
  0.34999984428425346,
  0.34999979821620186,
  0.34999993928860185,
  0.350000106578442,
  0.3499999821586642,
  0.3499998905042946,
  0.350000083605588,
  0.35000001301061523,
  0.34999993827775544,
  0.3499999939383452,
  0.3499998749348657,
  0.35000019202248633,
  0.350000112945536,
  0.3500001720785253,
  0.35000024415730413,
  0.3499998431617991,
  0.35000011086455823,
  0.34999984448720106,
  0.3500002105763709,
  0.349999897967611,
  0.3500000935314078,
  0.34999990591580443,
  0.3499997928520324,
  0.3499997606469283,
  0.34999988685774014,
  0.35000009164966334,
  0.35000012462987995,
  0.34999984679346136,
  0.34999979000900194,
  0.350000237536309,
  0.34999976497610796,
  0.34999985236652653,
  0.349999936172779,
  0.35000007574706465
 ],
 "cg_iters": [
  0,
  0,
  0,
  0,
  0,
  0,
  0,
  0,
  0,
  0,
  0,
  0,
  0,
  0,
  0,
  0,
  0,
  0,
  0,
  0,
  0,
  0,
  0,
  0,
  0,
  0,
  0,
  0,
  0,
  0,
  0,
  0,
  0,
  0,
  0,
  0,
  0,
  0,
  0,
  0,
  0,
  0
 ],
 "t_solve": [
  0.03566186400007609,
  0.03301798699999381,
  0.03180641799986006,
  0.03175533500007077,
  0.03166084100007538,
  0.03510403500013126,
  0.032564572999945085,
  0.03161303100000623,
  0.031432255000027,
  0.031182737000108318,
  0.03437761700001829,
  0.03183452500002204,
  0.03175311900008637,
  0.03183405100003256,
  0.035300875000075393,
  0.03237057700016521,
  0.031184061999965706,
  0.03127159699988624,
  0.033053973000050973,
  0.03318152499991811,
  0.03320782900004815,
  0.03119971599994642,
  0.031246569000131785,
  0.031530527999848346,
  0.03132237499994517,
  0.03231215699997847,
  0.03292783999995663,
  0.03327280600001359,
  0.03726574899997104,
  0.031996030000073006,
  0.032757282000147825,
  0.03237815300008151,
  0.031013382000082856,
  0.03148039999996399,
  0.03129502399997364,
  0.03163782600017839,
  0.03133128600006785,
  0.03105934899986096,
  0.031228731000055632,
  0.03301408800007266,
  0.03196248199992624,
  0.031452556999965964
 ],
 "t_grad_filter": [
  9.824099993238633e-05,
  9.766399989530328e-05,
  0.000120540000125402,
  0.00010326999995413644,
  0.00012139000000388478,
  0.00013286699982018035,
  0.0001029039999593806,
  9.920100001181709e-05,
  0.00010862699991776026,
  0.00010052399989035621,
  9.174599995276367e-05,
  0.00011185099992871983,
  0.00010468699997545627,
  0.00011072500001318986,
  8.985999988908588e-05,
  0.00010505699992791051,
  0.00010517000009713229,
  0.00011088500014011515,
  8.958999978858628e-05,
  9.608799996385642e-05,
  9.938600010173104e-05,
  9.676800004854158e-05,
  0.00012021799989270221,
  0.00011506600003485801,
  9.710700010145956e-05,
  0.00010195599998041871,
  0.00010453800018694892,
  0.00010260500016556762,
  0.00010347800002818985,
  9.696500001155073e-05,
  9.79809999535064e-05,
  0.00011006899990206875,
  0.00010097800009134517,
  9.505100001661049e-05,
  0.00034246500013068726,
  0.00011918299992430548,
  9.560300009070488e-05,
  9.792000014385849e-05,
  9.95220000277186e-05,
  9.966199991140456e-05,
  0.00010653200001797813,
  0.00011483499997666513
 ],
 "t_oc": [
  0.0005794060000425816,
  0.0005596080000032089,
  0.0005775699999048811,
  0.0006036509998921247,
  0.0005729099998461606,
  0.0005859770001279685,
  0.0005679559999407502,
  0.0005498000000443426,
  0.0005566869999711344,
  0.0005523840000023483,
  0.0005978540000342036,
  0.0005744590000631433,
  0.0005650079999668378,
  0.0006099639999774809,
  0.0005840950000219891,
  0.0005684810000730067,
  0.0005702039998141117,
  0.0005765060000157973,
  0.000582767000196327,
  0.0005797060000531928,
  0.000561055999924065,
  0.0005680070000835258,
  0.0005799860000479384,
  0.000582856000164611,
  0.00058174500009045,
  0.0006528110000090237,
  0.0005551089998334646,
  0.0005895589999909134,
  0.0005581640000400512,
  0.0005659050000303978,
  0.0006033810000189987,
  0.0006017290002091613,
  0.0006013619999976072,
  0.0006159209999623272,
  0.0005727430000206368,
  0.0005667820000780921,
  0.0005658820000462583,
  0.0005907259999275993,
  0.0005637659999138123,
  0.0005757060000632919,
  0.0006145449999621633,
  0.0005781750001006003
 ],
 "rss_mb": [
  165.609472,
  171.15136,
  171.15136,
  171.15136,
  171.15136,
  165.298176,
  170.827776,
  170.827776,
  170.827776,
  170.827776,
  170.827776,
  170.827776,
  170.827776,
  170.827776,
  170.827776,
  170.827776,
  170.827776,
  170.827776,
  170.827776,
  170.827776,
  170.827776,
  170.827776,
  170.827776,
  170.827776,
  170.827776,
  170.827776,
  170.827776,
  170.827776,
  170.827776,
  170.827776,
  170.827776,
  170.827776,
  170.827776,
  170.827776,
  170.827776,
  170.827776,
  170.827776,
  170.827776,
  170.827776,
  170.827776,
  170.889216,
  170.889216
 ],