{
 "compliance": [
  133.2472321098615,
  53.86155586362318,
  28.899217812919087,
  17.710428990256393,
  14.62513902111611,
  13.391721096330903,
  12.904020401733495,
  12.723086353995111,
  12.64487557746695,
  12.605527962381203,
  12.584567647449846,
  12.572120115858674,
  12.564706728359612,
  12.559603437927933,
  12.556091892111276,
  12.553434357590683,
  12.551366987549303,
  12.550104277661061,
  12.549742403728386,
  12.549499011320774,
  12.549417021232312,
  12.549493321628672,
  12.549539249407335,
  12.549580506157154,
  12.549688941583392
 ],
 "change": [
  0.20000000000000007,
  0.20000000000000007,
  0.20000000000000007,
  0.20000000000000007,
  0.20000000000000007,
  0.19999999999999996,
  0.13096659825124468,
  0.08546000927252828,
  0.05350820445660487,
  0.034398466652398096,
  0.029558509885610484,
  0.02791080876381924,
  0.02641385074406022,
  0.02527051006486758,
  0.02408010938804328,
  0.023004151456631705,
  0.02047960475803612,
  0.01733037793418779,
  0.014391272934713206,
  0.013307665663046142,
  0.012609894726692494,
  0.011848249188099513,
  0.01108001250856444,
  0.010329827731814456,
  0.009637621704162047
 ],
 "volume": [
  0.3999999928204119,
  0.39999983622090546,
  0.39999982014799534,
  0.4000000768410774,
  0.40000003163444453,
  0.400000024881095,
  0.4000000251710574,
  0.4000000557677115,
  0.4000000297859278,
  0.4000000871625821,
  0.3999999332104547,
  0.3999999149085904,
  0.399999934859868,
  0.39999997775183693,
  0.3999999227241733,
  0.39999997786154984,
  0.3999999694780155,
  0.40000004095485386,
  0.3999999244363865,
  0.3999999966980414,
  0.399999930682425,
  0.3999999460470463,
  0.39999997062297704,
  0.4000000836821467,
  0.4000000551808071
 ],
 "cg_iters": [
  0,
  0,
  0,
  0,
  0,
  0,
  0,
  0,
  0,
  0,
  0,
  0,
  0,
  0,
  0,
  0,
  0,
  0,
  0,
  0,
  0,
  0,
  0,
  0,
  0
 ],
 "t_solve": [
  0.14720428500004346,
  0.1458370590000868,
  0.14462169000012182,
  0.14503292599988526,
  0.14445413100020232,
  0.15471029800005454,
  0.1450304650002181,
  0.1455513680000422,
  0.14544472600005065,
  0.1459152790000644,
  0.1596467090000715,
  0.15013722000003327,
  0.15457071500009079,
  0.14784020399997644,
  0.1472879320001539,
  0.1467190880000544,
  0.14400976100000662,
  0.14507385399997474,
  0.14530410599991228,
  0.1570460739999362,
  0.1505628469999465,
  0.14806741800020973,
  0.1443803360000402,
  0.14469200000007731,
  0.14626253000005818
 ],
 "t_grad_filter": [
  0.0001120829999763373,
  0.0001264170000467857,
  0.00011487599999782105,
  0.00011241700008213229,
  0.00012048099983985594,
  0.00011754799993468623,
  0.00010955899983855488,
  0.00011050100010834285,
  0.00012610799990397936,
  0.00011105299995506357,
  0.00013352399992072606,
  0.00013176699985706364,
  0.0001227719999405963,
  0.0001300139999784733,
  0.00012004499990325712,
  0.00011311899993415864,
  0.00011481499996079947,
  0.00011305299995001405,
  0.00011333400016155792,
  0.00011086299991802662,
  0.0001355360000161454,
  0.00011660599989227194,
  0.0001154699998551223,
  0.00012838099996770325,
  0.00012119300004087563
 ],
 "t_oc": [
  0.000741707999850405,
  0.0007619579998845438,
  0.0007459979999566713,
  0.0007901209999090497,
  0.0007575280001219653,
  0.0015086780001638544,
  0.0007929620001050353,
  0.0007725169998593628,
  0.000776104999886229,
  0.0007599919999847771,
  0.0008017490001748229,
  0.0007969780001531035,
  0.0007921030000943574,
  0.0007842770000934252,
  0.0008459969999421446,
  0.0007703639998908329,
  0.0007644680001703819,
  0.0007797460000347201,
  0.0007952189998832182,
  0.0007506169999942358,
  0.0007774939999762864,
  0.0007680629998958466,
  0.0007652490000964463,
  0.0007531149999522313,
  0.0008412029999362858
 ],
 "rss_mb": [
  167.99744,
  175.439872,
  175.439872,
  175.439872,
  175.439872,
  175.505408,
  175.505408,
  175.505408,
  175.505408,
  175.505408,
  175.505408,
  175.505408,
  175.505408,
  175.505408,
  175.505408,
  175.505408,
  175.505408,
  175.505408,
  175.505408,
  175.505408,
  175.505408,
  175.505408,
  175.505408,
  175.505408,
  175.505408
 ],
 "c_cases": [
  [
   133.2472321098615
  ],
  [
   53.86155586362318
  ],
  [
   28.899217812919087
  ],
  [
   17.710428990256393
  ],
  [
   14.62513902111611
  ],
  [
   13.391721096330903
  ],
  [
   12.904020401733495
  ],
  [
   12.723086353995111
  ],
  [
   12.64487557746695
  ],
  [
   12.605527962381203
  ],
  [
   12.584567647449846
  ],
  [
   12.572120115858674
  ],
  [
   12.564706728359612
  ],
  [
   12.559603437927933
  ],
  [
   12.556091892111276
  ],
  [
   12.553434357590683
  ],
  [
   12.551366987549303
  ],
  [
   12.550104277661061
  ],
  [
   12.549742403728386
  ],
  [
   12.549499011320774
  ],
  [
   12.549417021232312
  ],
  [
   12.549493321628672
  ],
  [
   12.549539249407335
  ],
  [
   12.549580506157154
  ],
  [
   12.549688941583392
  ]
 ]
}