{
 "compliance": [
  133.2472321098615,
  53.86155586362318,
  28.899217812919087,
  17.710428990256393,
  14.62513902111611,
  13.391721096330903,
  12.904020401733495,
  12.723086353995111,
  12.64487557746695,
  12.605527962381203,
  12.584567647449846,
  12.572120115858674,
  12.564706728359612,
  12.559603437927933,
  12.556091892111276,
  12.553434357590683,
  12.551366987549303,
  12.550104277661061,
  12.549742403728386,
  12.549499011320774,
  12.549417021232312,
  12.549493321628672,
  12.549539249407335,
  12.549580506157154,
  12.549688941583392
 ],
 "change": [
  0.20000000000000007,
  0.20000000000000007,
  0.20000000000000007,
  0.20000000000000007,
  0.20000000000000007,
  0.19999999999999996,
  0.13096659825124468,
  0.08546000927252828,
  0.05350820445660487,
  0.034398466652398096,
  0.029558509885610484,
  0.02791080876381924,
  0.02641385074406022,
  0.02527051006486758,
  0.02408010938804328,
  0.023004151456631705,
  0.02047960475803612,
  0.01733037793418779,
  0.014391272934713206,
  0.013307665663046142,
  0.012609894726692494,
  0.011848249188099513,
  0.01108001250856444,
  0.010329827731814456,
  0.009637621704162047
 ],
 "volume": [
  0.3999999928204119,
  0.39999983622090546,
  0.39999982014799534,
  0.4000000768410774,
  0.40000003163444453,
  0.400000024881095,
  0.4000000251710574,
  0.4000000557677115,
  0.4000000297859278,
  0.4000000871625821,
  0.3999999332104547,
  0.3999999149085904,
  0.399999934859868,
  0.39999997775183693,
  0.3999999227241733,
  0.39999997786154984,
  0.3999999694780155,
  0.40000004095485386,
  0.3999999244363865,
  0.3999999966980414,
  0.399999930682425,
  0.3999999460470463,
  0.39999997062297704,
  0.4000000836821467,
  0.4000000551808071
 ],
 "cg_iters": [
  0,
  0,
  0,
  0,
  0,
  0,
  0,
  0,
  0,
  0,
  0,
  0,
  0,
  0,
  0,
  0,
  0,
  0,
  0,
  0,
  0,
  0,
  0,
  0,
  0
 ],
 "t_solve": [
  0.12937895100003516,
  0.12926167499972507,
  0.13129740700014736,
  0.12767530200017063,
  0.13147875300001033,
  0.12874561299986453,
  0.1303741000001537,
  0.12842880700009118,
  0.12921366199998374,
  0.12915118199998687,
  0.12954848999970636,
  0.13227680399995734,
  0.1289452609998989,
  0.13475532300026316,
  0.1308878680001726,
  0.130000925999866,
  0.12956864099987797,
  0.1319161209999038,
  0.12992457700011073,
  0.1295428900002662,
  0.12956015800000387,
  0.12901346800026658,
  0.1311840440002925,
  0.13026065099984407,
  0.1325058910001644
 ],
 "t_grad_filter": [
  0.00010035099967353744,
  0.00010023499999078922,
  9.44569997045619e-05,
  9.56099997893034e-05,
  9.668599977885606e-05,
  9.683400003268616e-05,
  9.650999982113717e-05,
  9.707299977890216e-05,
  9.602699992683483e-05,
  9.523900007479824e-05,
  9.661200010668836e-05,
  9.480400012762402e-05,
  9.736800029713777e-05,
  0.00010744099972725962,
  9.3513999672723e-05,
  0.0001138390002779488,
  0.00010799800020322436,
  9.733500019137864e-05,
  9.519900004306692e-05,
  0.00010489499982213601,
  9.912500036080019e-05,
  9.674200009612832e-05,
  9.541700001136633e-05,
  9.629900023355731e-05,
  9.691700006442261e-05
 ],
 "t_oc": [
  0.0006020949999765435,
  0.0006010189999869908,
  0.0006347550001919444,
  0.0006457740000769263,
  0.000628899000275851,
  0.0006329170000753948,
  0.0006494110002677189,
  0.000623509999968519,
  0.0006283010002334777,
  0.0006425849996958277,
  0.0006462530000135303,
  0.0006531190001624054,
  0.0006497409999610682,
  0.0006594159999622207,
  0.0006579000000783708,
  0.0006557100000463834,
  0.0006476119997387286,
  0.0007166089999373071,
  0.0006918219996805419,
  0.0006395649998012232,
  0.0006408740000551916,
  0.0006508110000140732,
  0.0006336419996841869,
  0.0006229860000530607,
  0.0006353299995680572
 ],
 "rss_mb": [
  167.776256,
  175.218688,
  175.218688,
  175.218688,
  175.218688,
  175.284224,
  175.284224,
  175.284224,
  175.284224,
  175.284224,
  175.284224,
  175.284224,
  175.284224,
  175.284224,
  175.284224,
  175.284224,
  175.284224,
  175.284224,
  175.284224,
  175.284224,
  175.284224,
  175.284224,
  175.284224,
  175.284224,
  175.284224
 ],
 "c_cases": [
  [
   133.2472321098615
  ],
  [
   53.86155586362318
  ],
  [
   28.899217812919087
  ],
  [
   17.710428990256393
  ],
  [
   14.62513902111611
  ],
  [
   13.391721096330903
  ],
  [
   12.904020401733495
  ],
  [
   12.723086353995111
  ],
  [
   12.64487557746695
  ],
  [
   12.605527962381203
  ],
  [
   12.584567647449846
  ],
  [
   12.572120115858674
  ],
  [
   12.564706728359612
  ],
  [
   12.559603437927933
  ],
  [
   12.556091892111276
  ],
  [
   12.553434357590683
  ],
  [
   12.551366987549303
  ],
  [
   12.550104277661061
  ],
  [
   12.549742403728386
  ],
  [
   12.549499011320774
  ],
  [
   12.549417021232312
  ],
  [
   12.549493321628672
  ],
  [
   12.549539249407335
  ],
  [
   12.549580506157154
  ],
  [
   12.549688941583392
  ]
 ]
}