{
 "compliance": [
  100.39285945787921,
  61.285768264865624,
  43.16561810744649,
  34.50102406976459,
  30.99315329384434,
  28.351529280194864,
  26.112272050377307,
  23.852344384917288,
  21.93971087444489,
  20.240786478898457,
  18.64990841207213,
  17.50242462633545,
  16.774991412357238,
  16.254507696729252,
  15.88101324736729,
  15.599762494180506,
  15.37283619271445,
  15.19620280932957,
  15.085098339003181,
  15.027990337959553,
  14.996284889169734,
  14.976383908612386,
  14.961199733713372,
  14.94787835723507,
  14.935756819202112,
  14.925996180824312,
  14.918898304223774,
  14.913155582800318,
  14.909083832850705,
  14.906048191008605,
  14.903525841092673,
  14.901189503490032,
  14.898996247241767,
  14.896927624145341,
  14.894933452525065,
  14.89296272381611,
  14.891098162266882,
  14.889353418924557,
  14.887684325290275,
  14.88606772873047,
  14.884472657104212,
  14.882896685400125,
  14.881476513606936,
  14.880166590688045,
  14.879082490983082,
  14.878181665085307,
  14.877358501162893
 ],
 "change": [
  0.20000000000000007,
  0.20000000000000007,
  0.20000000000000007,
  0.20000000000000007,
  0.19794256675747302,
  0.20000000000000007,
  0.1878118183735359,
  0.17381264574886757,
  0.17971994325316276,
  0.1949191258755396,
  0.20000000000000007,
  0.1500046678346001,
  0.13179914180042973,
  0.11426111352395685,
  0.10959770779770461,
  0.10695213868168985,
  0.10232424637278259,
  0.06709870679126184,
  0.05109766746712463,
  0.03809566117840241,
  0.03749768911668161,
  0.0366173867696149,
  0.03557168318474413,
  0.03454945162252698,
  0.03341382948879734,
  0.03282393685119689,
  0.030211287808386555,
  0.027231342378109424,
  0.02441858033827915,
  0.021733789820661986,
  0.019357972826163694,
  0.017368094802583667,
  0.016440122800225776,
  0.015549032309663036,
  0.014703612308021974,
  0.013917388534537167,
  0.013407879186174254,
  0.012911331695107608,
  0.012429427005117955,
  0.011966548457355675,
  0.011520074814551862,
  0.011202474670626739,
  0.010917882975558013,
  0.010641604449238173,
  0.01033926912586619,
  0.010027413442829647,
  0.00982361454640468
 ],
 "volume": [
  0.39999981548943353,
  0.39999990237801,
  0.40000006188359855,
  0.3999997762268919,
  0.39999983490645724,
  0.4000000820123517,
  0.4000000327865965,
  0.4000001819399628,
  0.39999987965128686,
  0.4000001153998806,
  0.399999803309113,
  0.4000001087725505,
  0.40000008065609693,
  0.3999999971450023,
  0.3999999745709473,
  0.4000000191740919,
  0.3999999209987249,
  0.40000005741960054,
  0.4000000699190562,
  0.3999999865772901,
  0.3999999450941141,
  0.3999999487851444,
  0.40000002382701744,
  0.4000000004026288,
  0.4000000385092502,
  0.40000003742450335,
  0.3999999306301695,
  0.39999999005188297,
  0.4000000678330238,
  0.3999999670517169,
  0.4000000505042614,
  0.40000007035403307,
  0.3999999806892522,
  0.3999999565863569,
  0.39999997691623335,
  0.3999999871341227,
  0.4000000027893635,
  0.3999999634882804,
  0.39999995108087283,
  0.39999996948767697,
  0.39999999574831546,
  0.3999999156327413,
  0.39999997877767407,
  0.39999994043990683,
  0.40000005803023947,
  0.4000000170505579,
  0.3999999368602025
 ],
 "cg_iters": [
  0,
  0,
  0,
  0,
  0,
  0,
  0,
  0,
  0,
  0,
  0,
  0,
  0,
  0,
  0,
  0,
  0,
  0,
  0,
  0,
  0,
  0,
  0,
  0,
  0,
  0,
  0,
  0,
  0,
  0,
  0,
  0,
  0,
  0,
  0,
  0,
  0,
  0,
  0,
  0,
  0,
  0,
  0,
  0,
  0,
  0,
  0
 ],
 "t_solve": [
  0.25525822299960055,
  0.22344046900025205,
  0.21971669899994595,
  0.22489248000010775,
  0.2214132009999048,
  0.229947336999885,
  0.2196327450001263,
  0.22251794800013158,
  0.22637416799989296,
  0.2252011450000282,
  0.22574993800026277,
  0.22306375800008027,
  0.22564409500000693,
  0.22240237699998033,
  0.2235522860000856,
  0.2284475100000236,
  0.22685623000006672,
  0.2250176559996362,
  0.2275208470000507,
  0.21823228799985372,
  0.219886833000146,
  0.24775188200010234,
  0.2220685729998877,
  0.21936347100017883,
  0.21171498800003974,
  0.20567463399993358,
  0.22085854399983873,
  0.2151708929995948,
  0.21714411599987216,
  0.2056681449998905,
  0.20405985300021712,
  0.21033579400000235,
  0.21191857599978903,
  0.21382085499999448,
  0.20721920400001181,
  0.2135817479997968,
  0.21771715599970776,
  0.2144712299996172,
  0.20437986800016006,
  0.20439596299956975,
  0.21969860199988034,
  0.21024966300001324,
  0.21024229200020272,
  0.20919907699999385,
  0.25472992000004524,
  0.22006886600001963,
  0.211975985999743
 ],
 "t_grad_filter": [
  0.00017094100030590198,
  0.0001542969998808985,
  0.0001310550001107913,
  0.00014667899995401967,
  0.00013052000031166244,
  0.00013536699998439872,
  0.0001268819996766979,
  0.00017457200010539964,
  0.00014390700016519986,
  0.00014101899978413712,
  0.0001215099996443314,
  0.0001135249999606458,
  0.00013712999998460873,
  0.00012021799966532853,
  0.00013312000010046177,
  0.00016957500019998406,
  0.0001874859999588807,
  0.00011689800021486008,
  0.00012839100008932292,
  0.00012205100028950255,
  0.00013317100001586368,
  0.0001305060000049707,
  0.000125252000088949,
  0.00012235899976076325,
  0.00011559499989743927,
  0.00010933200019280775,
  0.00013581800021711388,
  0.0002879390003727167,
  0.00012692900008914876,
  0.0001139089999924181,
  0.00011384199979147525,
  0.00011362500026734779,
  0.00013213700003689155,
  0.00012735700011035078,
  0.00011025000003428431,
  0.00011676400026772171,
  0.00011761900032070116,
  0.00012009300007775892,
  0.00011009399986505741,
  0.00013875000013285899,
  0.00013960200021756464,
  0.0001182660002996272,
  0.00010757199970612419,
  0.00017321099994660472,
  0.00014140800021777977,
  0.00011936800001421943,
  0.00013037799999437993
 ],
 "t_oc": [
  0.0008601239997005905,
  0.0007070510000630748,
  0.0007299620001504081,
  0.0008025379997889104,
  0.0007280589998117648,
  0.0008338640000147279,
  0.0007564430002275913,
  0.001108348999878217,
  0.0007628839998687909,
  0.0007811039999978675,
  0.0007833590002519486,
  0.0007673320001231332,
  0.0007972130001689948,
  0.0007869290002417983,
  0.0007532269996772811,
  0.0008783809998931247,
  0.0007628470002600807,
  0.0007669830001759692,
  0.0007626309998158831,
  0.0007357199997386488,
  0.0007703930000388937,
  0.0007779829998071364,
  0.0007738859999335546,
  0.0007975670000632817,
  0.0007663950000278419,
  0.0008139369997479662,
  0.0007804409997334005,
  0.0008340159997715091,
  0.0007844720003049588,
  0.0007622880002600141,
  0.0007715599999755796,
  0.0007901330000095186,
  0.0008003729999472853,
  0.0007766379999338824,
  0.0007487799998671107,
  0.0007274519998645701,
  0.0007722179998381762,
  0.0007524810002905724,
  0.0007627939999110822,
  0.0007821210001566214,
  0.0008642080001663999,
  0.0007436010000674287,
  0.0007416610001200752,
  0.0009601980000297772,
  0.000795671000105358,
  0.0007856070001253102,
  0.0007410749999507971
 ],
 "rss_mb": [
  188.317696,
  184.262656,
  184.262656,
  184.262656,
  184.262656,
  184.328192,
  184.328192,
  184.328192,
  184.328192,
  184.328192,
  184.328192,
  184.328192,
  184.328192,
  184.328192,
  184.328192,
  184.328192,
  184.328192,
  184.328192,
  184.328192,
  184.328192,
  184.328192,
  184.328192,
  184.328192,
  184.328192,
  184.328192,
  184.328192,
  184.328192,
  184.328192,
  184.328192,
  184.328192,
  184.328192,
  184.328192,
  184.328192,
  184.328192,
  184.328192,
  184.328192,
  184.328192,
  184.328192,
  184.328192,
  184.328192,
  184.328192,
  184.328192,
  184.328192,
  184.328192,
  184.328192,
  184.328192,
  184.328192
 ],