{
 "compliance": [
  19.15460852165066,
  148.92247030401492,
  790.008773110518,
  582.0120245042809,
  540.0042609902429,
  496.6918299389573,
  481.58451486291983,
  462.85768057463406,
  454.5753496386163,
  443.67673512430974,
  437.3403908153871,
  428.78263597658963,
  421.7556537755666
 ],
 "change": [
  0.2,
  0.1500366252873242,
  0.05551660859294422,
  0.06291228989845007,
  0.03394215130570387,
  0.03615587320690755,
  0.021562387879030448,
  0.021663821706210784,
  0.014325543813985292,
  0.014897681401888824,
  0.010679103440136256,
  0.012190374631872836,
  0.00911073526869896
 ],
 "volume": [
  0.46666666666666656,
  0.40000002551600505,
  0.3999999869812303,
  0.40000003096603187,
  0.4000000069140787,
  0.40000001651949013,
  0.3999999762315373,
  0.4000000413172619,
  0.39999996900140794,
  0.39999998781010193,
  0.40000003082705216,
  0.39999996883482036,
  0.3999999963605614
 ],
 "cg_iters": [
  0,
  0,
  0,
  0,
  0,
  0,
  0,
  0,
  0,
  0,
  0,
  0,
  0
 ],
 "t_solve": [
  0.014873205000185408,
  0.013659547999850474,
  0.012921710000227904,
  0.013220441999692412,
  0.012905811999644357,
  0.014704494999932649,
  0.013305223999850568,
  0.012870321999798762,
  0.012608366000222304,
  0.01270886199972665,
  0.01293154900031368,
  0.012796156000149495,
  0.012882385000011709
 ],
 "t_grad_filter": [
  9.060299998964183e-05,
  8.830299975670641e-05,
  8.533699974577758e-05,
  8.54620002428419e-05,
  9.771300028660335e-05,
  8.245800017903093e-05,
  9.471300018049078e-05,
  9.702099987407564e-05,
  0.00012202900006741402,
  9.224699988408247e-05,
  9.238699976776843e-05,
  9.547599984216504e-05,
  9.977799982152646e-05
 ],
 "t_oc": [
  0.00020041099969603238,
  0.00043169800028408645,
  0.0003812630002357764,
  0.0003630940000221017,
  0.0004060139999637613,
  0.00038253499997153995,
  0.0003692269997372932,
  0.0004177800001343712,
  0.0003755140000976098,
  0.0003675230000226293,
  0.00037041899986434146,
  0.0005227410001680255,
  0.0003930480002054537
 ],
 "rss_mb": [
  161.542144,
  164.327424,
  164.327424,
  164.327424,
  164.327424,
  164.39296,
  164.39296,
  164.39296,
  164.39296,
  164.39296,
  164.39296,
  164.39296,
  164.39296
 ],
 "c_cases": [
  [
   19.15460852165066
  ],
  [
   148.92247030401492
  ],
  [
   790.008773110518
  ],
  [
   582.0120245042809
  ],
  [
   540.0042609902429
  ],
  [
   496.6918299389573
  ],
  [
   481.58451486291983
  ],
  [
   462.85768057463406
  ],
  [
   454.5753496386163
  ],
  [
   443.67673512430974
  ],
  [
   437.3403908153871
  ],
  [
   428.78263597658963
  ],
  [
   421.7556537755666
  ]
 ]
}