{
 "compliance": [
  19.15460852165066,
  148.92247030401492,
  790.008773110518,
  582.0120245042809,
  540.0042609902429,
  496.6918299389573,
  481.58451486291983,
  462.85768057463406,
  454.5753496386163,
  443.67673512430974,
  437.3403908153871,
  428.78263597658963,
  421.7556537755666
 ],
 "change": [
  0.2,
  0.1500366252873242,
  0.05551660859294422,
  0.06291228989845007,
  0.03394215130570387,
  0.03615587320690755,
  0.021562387879030448,
  0.021663821706210784,
  0.014325543813985292,
  0.014897681401888824,
  0.010679103440136256,
  0.012190374631872836,
  0.00911073526869896
 ],
 "volume": [
  0.46666666666666656,
  0.40000002551600505,
  0.3999999869812303,
  0.40000003096603187,
  0.4000000069140787,
  0.40000001651949013,
  0.3999999762315373,
  0.4000000413172619,
  0.39999996900140794,
  0.39999998781010193,
  0.40000003082705216,
  0.39999996883482036,
  0.3999999963605614
 ],
 "cg_iters": [
  0,
  0,
  0,
  0,
  0,
  0,
  0,
  0,
  0,
  0,
  0,
  0,
  0
 ],
 "t_solve": [
  0.01660652499981552,
  0.014922311999953308,
  0.014682983999819044,
  0.014326497999945786,
  0.014116694999984247,
  0.018507591000116008,
  0.014012123999918913,
  0.013961122999944564,
  0.014040411999985736,
  0.013996331000043938,
  0.015729576000012457,
  0.01389297700006864,
  0.01403213800017511
 ],
 "t_grad_filter": [
  8.391900018978049e-05,
  9.556100008012436e-05,
  9.425600001122802e-05,
  8.923800010052219e-05,
  8.308199994644383e-05,
  9.245699993698508e-05,
  0.00011737099998754275,
  8.445499997833394e-05,
  8.827800002109143e-05,
  8.405399989896978e-05,
  0.00012361399990368227,
  8.537400003660878e-05,
  8.753899987823388e-05
 ],
 "t_oc": [
  0.00022314299985737307,
  0.0004787649997979315,
  0.0004347710000729421,
  0.0004214139999021427,
  0.0005121770000187098,
  0.0004457840000213764,
  0.0004245590000664379,
  0.0004631670001344901,
  0.000420686999859754,
  0.0004577330000756774,
  0.0004229989999657846,
  0.00042083199991793663,
  0.0004279820000192558
 ],
 "rss_mb": [
  161.009664,
  164.462592,
  164.462592,
  164.462592,
  164.462592,
  164.528128,
  164.528128,
  164.528128,
  164.528128,
  164.528128,
  164.528128,
  164.528128,
  164.528128
 ],
 "c_cases": [
  [
   19.15460852165066
  ],
  [
   148.92247030401492
  ],
  [
   790.008773110518
  ],
  [
   582.0120245042809
  ],
  [
   540.0042609902429
  ],
  [
   496.6918299389573
  ],
  [
   481.58451486291983
  ],
  [
   462.85768057463406
  ],
  [
   454.5753496386163
  ],
  [
   443.67673512430974
  ],
  [
   437.3403908153871
  ],
  [
   428.78263597658963
  ],
  [
   421.7556537755666
  ]
 ]
}