{
 "compliance": [
  358.8552311555817,
  208.48645264378592,
  143.51261050206165,
  120.85812917975542,
  106.47485526068529,
  95.36095380027865,
  87.62568838962798,
  80.41729538307445,
  74.3126249947776,
  67.77978870441208,
  61.37290147994382,
  53.99267957602251,
  46.9962220021678,
  39.792200204259046,
  34.565532373702396,
  31.03517564296179,
  28.592153327609083,
  27.236285659521926,
  26.195707822581653,
  25.68322708476057,
  25.188458417178364,
  24.97068326856146,
  24.712949168753973,
  24.603098817726288,
  24.449771246360974,
  24.382493844125065,
  24.275064435866664,
  24.226266300472297,
  24.14172280955549,
  24.104096910830094,
  24.03981547199277,
  24.01347124547773,
  23.959396470783883,
  23.936098872664818,
  23.88649853479616,
  23.86340513660869,
  23.815793405951716,
  23.79185964069393,
  23.74738842756029,
  23.72853539428408,
  23.69163302183846,
  23.67461328782881,
  23.637983611135315,
  23.619123089645903,
  23.581341519361754,
  23.559983005446142,
  23.52333273876779,
  23.506244435546655,
  23.474704163372515,
  23.457590481063257,
  23.423995166697363,
  23.40323807590172,
  23.367020610920108,
  23.347536653381034,
  23.318095849080194,
  23.301160489231563,
  23.270061198644445,
  23.24874648486812,
  23.216671586283624,
  23.200729784490225,
  23.176697018629344,
  23.157812190921586,
  23.12325762720665,
  23.09317882454205,
  23.053402313383113,
  23.040823606044153,
  23.032579237638735,
  23.041366539911323,
  23.038050835317666,
  23.042468642365396,
  23.034178377344595,
  23.03437828704142,
  23.02343524542247,
  23.021634852555323,
  23.00943417607916,
  23.006177411996806,
  22.993707496335368,
  22.98616626981574,
  22.97618765449174,
  22.969378231785786,
  22.95960551295233,
  22.952344721717502,
  22.941904529133502,
  22.93399005934953
 ],
 "change": [
  0.2,
  0.2,
  0.20000000000000007,
  0.1844495091535075,
  0.17620689508285242,
  0.19347637211429514,
  0.16580256315241226,
  0.20000000000000007,
  0.17297060441385037,
  0.2,
  0.19330342505681475,
  0.20000000000000007,
  0.20000000000000007,
  0.19045029217046638,
  0.20000000000000007,
  0.16891516504358717,
  0.16848658653699367,
  0.1440709261313311,
  0.12467983929247561,
  0.123377934816706,
  0.11081889235401943,
  0.1077721291964423,
  0.1036870536218687,
  0.09604937704901417,
  0.09623525072071304,
  0.08941486317017455,
  0.08858912135671049,
  0.0829342125172895,
  0.08253579463766259,
  0.07742164698286202,
  0.0767976078815692,
  0.0720009316586584,
  0.07132261950916785,
  0.066727193928799,
  0.06616134366596249,
  0.06174264980682742,
  0.06134517634239489,
  0.05730637338485933,
  0.057580588231834096,
  0.05379223480319295,
  0.05398253289922006,
  0.050398260328709976,
  0.05068976668750902,
  0.047207215259413626,
  0.04762935147807612,
  0.04408540512729342,
  0.044800093128191,
  0.04136991702604642,
  0.04215522405272876,
  0.03914480792070074,
  0.0401160773693815,
  0.037102327295263304,
  0.038355508974976193,
  0.035202144161186055,
  0.036354250031522706,
  0.03340409157317781,
  0.03460954256464055,
  0.03152447090968957,
  0.03308763891668742,
  0.030023882225066578,
  0.03346021996256243,
  0.041557330177635965,
  0.05016617015596192,
  0.06435657155808028,
  0.05663163567486973,
  0.04892899744793222,
  0.028173458595892598,
  0.025678324935723862,
  0.027095565335937488,
  0.02478362213786267,
  0.02616209258985014,
  0.02401769372145468,
  0.025389119701122786,
  0.02330451539370193,
  0.012499999999999956,
  0.012499999999999956,
  0.012499999999999956,
  0.011387299112738503,
  0.011769279123592269,
  0.010811038174870169,
  0.011128146335092515,
  0.010347719780011255,
  0.010654345735530812,
  0.009981439667261172
 ],
 "volume": [
  0.20000003563300708,
  0.19999994912538174,
  0.20000008889208665,
  0.19999992395724192,
  0.20000011293809247,
  0.2000001218660224,
  0.19999984671641857,
  0.19999997925048738,
  0.20000012976742318,
  0.2000000270521421,
  0.19999991604704007,
  0.20000002621312551,
  0.19999992126915314,
  0.1999999959791957,
  0.19999996881120158,
  0.2000000389693401,
  0.1999998934305898,
  0.19999996754146862,
  0.20000004938919405,
  0.20000006403401077,
  0.2000000140462439,
  0.1999998855856784,
  0.2000000198752042,
  0.19999998616270037,
  0.20000004672456134,
  0.20000007880537218,
  0.19999989942906096,
  0.20000001050235036,
  0.19999990947000612,
  0.19999999181900924,
  0.20000009774931216,
  0.20000008581424533,
  0.19999997811607662,
  0.19999988918271672,
  0.20000003700993688,
  0.20000007215686344,
  0.20000009204790453,
  0.1999999571513884,
  0.20000005095180573,
  0.19999995520506955,
  0.19999996212817023,
  0.1999998732040713,
  0.19999999356016943,
  0.19999990784194777,
  0.19999996902339928,
  0.1999998999506919,
  0.19999998015147294,
  0.19999997621179944,
  0.19999993030944557,
  0.19999992805490263,
  0.20000012298640887,
  0.19999991111648374,
  0.199999954680265,
  0.1999999445043849,
  0.2000000126418544,
  0.1999998818067109,
  0.20000010906534837,
  0.20000000133526452,
  0.20000000648728802,
  0.1999999698508499,
  0.19999992055695462,
  0.2000000965411125,
  0.20000001291487807,
  0.19999990887476674,
  0.200000012811787,
  0.20000008168609304,
  0.200000103691775,
  0.20000005869271673,
  0.20000004628504944,
  0.2000001285272652,
  0.20000010007159844,
  0.19999998213582737,
  0.20000001584051577,
  0.19999988375198205,
  0.19999994472747665,
  0.20000003181771642,
  0.1999998770719912,
  0.2000001280916818,
  0.19999988164095778,
  0.20000007133751405,
  0.1999999858956375,
  0.19999991742564813,
  0.20000007290805122,
  0.20000007208742357
 ],
 "cg_iters": [
  0,
  0,
  0,
  0,
  0,
  0,
  0,
  0,
  0,
  0,
  0,
  0,
  0,
  0,
  0,
  0,
  0,
  0,
  0,
  0,
  0,
  0,
  0,
  0,
  0,
  0,
  0,
  0,
  0,
  0,
  0,
  0,
  0,
  0,
  0,
  0,
  0,
  0,
  0,
  0,
  0,
  0,
  0,
  0,
  0,
  0,
  0,
  0,
  0,
  0,
  0,
  0,
  0,
  0,
  0,
  0,
  0,
  0,
  0,
  0,
  0,
  0,
  0,
  0,
  0,
  0,
  0,
  0,
  0,
  0,
  0,
  0,
  0,
  0,
  0,
  0,
  0,
  0,
  0,
  0,
  0,
  0,
  0,
  0
 ],