{
 "compliance": [
  804.4534707127466,
  574.3648815494931,
  542.3230210807967,
  526.8656750825328,
  497.6630464333012,
  470.74795865599015,
  430.23859270190997,
  395.6742539444209,
  360.0874076930267,
  331.94999331553277,
  308.72164594609126,
  287.0282812113077,
  263.023978379031,
  239.60766847478607,
  214.4439672315307,
  193.6839089570142,
  179.81121139884164,
  173.06237181802118,
  168.89260716690745,
  165.80394231259186,
  162.8758541280308,
  160.98830931882088,
  160.66146590551824,
  160.6089362099448,
  160.51415348466443,
  160.45264744855882,
  160.37136950883126,
  160.30653749208818,
  160.22048025239081,
  160.19379432014762,
  160.19247277734314,
  160.18885366572943,
  160.1726908553739,
  160.11968500520544,
  160.01670579166563,
  159.85424129261477,
  159.64011530604225,
  159.3558739607745,
  158.9855118653981,
  158.5427032585991,
  158.07623855749975,
  157.57191078028126,
  157.007992191764,
  156.43518383008984,
  155.91431431787788,
  155.46753100559522,
  155.06420271496185,
  154.70906557333643,
  154.36351143945896,
  154.0242019678838,
  153.64134848855227,
  153.1800291306435,
  152.62523397867028,
  151.9508098484107,
  151.31791383660547,
  150.93677418896988,
  150.7053349138682,
  150.46549636209693,
  150.16900242930413,
  149.84152569302663,
  149.46316371981823,
  148.9883887972734,
  148.41081934966638,
  147.7107581697249,
  146.917991241942,
  146.15103849491436,
  145.50881983735542,
  145.06793024131792,
  144.77960394426765,
  144.63049948556292,
  144.60331211292765,
  144.61628045981735,
  144.6502837202222,
  144.6965852553626,
  144.75131623251445,
  144.82151824896542,
  144.94311173331533,
  145.10052289942593,
  145.25051082855833,
  145.40162568562698,
  145.5605167515892,
  145.70250515113364,
  145.81598944370853,
  145.90500693749493,
  145.97716834781363,
  146.0380553147976,
  146.0911536502852,
  146.13824134836625,
  146.18044848307906,
  146.21831321684564,
  146.25228369679672,
  146.282423405993,
  146.30931562243612,
  146.33322580736234,
  146.35633572188635
 ],
 "change": [
  0.20000000000000007,
  0.19817330700290275,
  0.16715202088556896,
  0.18650378275867097,
  0.20000000000000007,
  0.20000000000000007,
  0.20000000000000007,
  0.20000000000000007,
  0.20000000000000007,
  0.18436084666101427,
  0.16222623349440912,
  0.17272993713924045,
  0.18041978043135387,
  0.17156201129529108,
  0.20000000000000007,
  0.15492975130027942,
  0.20000000000000007,
  0.15838908811205388,
  0.15524295055219572,
  0.1512664089470901,
  0.1329108678448262,
  0.0638675967958443,
  0.06335286955206915,
  0.05701699069353561,
  0.05128724345319746,
  0.04481257069838551,
  0.04065299497262009,
  0.03745869356714793,
  0.03644749112122192,
  0.03704815156111163,
  0.03622077560227022,
  0.03700648112296612,
  0.03782917611860381,
  0.038466764474158865,
  0.04083718445775597,
  0.04320023367571957,
  0.0461127480253154,
  0.048931421854071955,
  0.05068488099133717,
  0.05154856818259401,
  0.05181854201720448,
  0.0504432842823776,
  0.04622692758612096,
  0.042475670232542895,
  0.03721451353093169,
  0.03217729678013148,
  0.03297944295974231,
  0.03501161538502662,
  0.035855221965363726,
  0.03927790738926218,
  0.04495935560044506,
  0.0522389557528834,
  0.05913114077455017,
  0.0652300675661226,
  0.058399521692273415,
  0.040586407166615046,
  0.041281656932505184,
  0.044270719228113764,
  0.04872869031476601,
  0.05124948318361322,
  0.05378482209833357,
  0.05713085907431836,
  0.058964549078213024,
  0.05787075465172492,
  0.053246114333127814,
  0.047887454798570483,
  0.04324395814847426,
  0.035565047082362855,
  0.024544049360442133,
  0.022547822406950413,
  0.02094179720170153,
  0.0196456868046182,
  0.018524753557676243,
  0.01756857830491565,
  0.016835382148128186,
  0.018609897889702774,
  0.031454982613099786,
  0.0297548750635383,
  0.0208776095050979,
  0.02007124024036796,
  0.021128350144284755,
  0.015851866608111997,
  0.015336202904258522,
  0.014792537752556956,
  0.01425660720033195,
  0.013736346456570292,
  0.013232612024245305,
  0.012743660185856931,
  0.012268368359512283,
  0.011805536628733071,
  0.011353930730610529,
  0.010915392169024485,
  0.010491726561297376,
  0.01009418920813221,
  0.00977057291204686
 ],
 "volume": [
  0.3999999005602572,
  0.39999999358539196,
  0.400000224585022,
  0.4000001429815869,
  0.400000274348558,
  0.39999979636894945,
  0.4000002986269579,
  0.3999999886899104,
  0.40000011866259494,
  0.3999998954313795,
  0.39999988901487615,
  0.39999988034515405,
  0.3999998808416107,
  0.40000018158214434,
  0.40000007051766023,
  0.4000000210297596,
  0.3999999945952886,
  0.40000001462331713,
  0.3999999083149686,
  0.40000010090704863,
  0.40000001976747773,
  0.3999999159780776,
  0.400000017523523,
  0.3999999231637026,
  0.39999991484747444,
  0.3999999661201444,
  0.3999999724149516,
  0.400000009394702,
  0.3999999629371927,
  0.39999995895384877,
  0.3999999071439213,
  0.4000001060500424,
  0.40000000908302896,
  0.4000000269532798,
  0.39999991946454183,
  0.40000001840607463,
  0.40000007703759355,
  0.4000000392835754,
  0.40000007042669883,
  0.3999999590705013,
  0.4000000418767167,
  0.39999995087805545,
  0.3999999475467872,
  0.4000001126681121,
  0.4000000871640282,
  0.399999958768176,
  0.4000000608013548,
  0.39999993257835637,
  0.39999991919745065,
  0.39999990947666547,
  0.3999998990543043,
  0.39999998712661294,
  0.4000001068146046,
  0.3999999663587747,
  0.3999999079026228,
  0.39999996572444313,
  0.4000000293988318,
  0.40000008421525796,
  0.4000000859798441,
  0.4000000843578566,
  0.40000000927295426,
  0.4000000757913528,
  0.39999997982433033,
  0.40000006369352076,
  0.40000004918200577,
  0.3999999318395299,
  0.39999994702777714,
  0.39999988765290206,
  0.40000002582777444,
  0.3999999735834903,
  0.3999998901788356,
  0.39999995419379397,
  0.4000000391145808,
  0.399999969878831,
  0.39999999131539216,
  0.3999998848651511,
  0.4000000400793049,
  0.39999993200134326,
  0.40000010049435386,
  0.40000000435718813,
  0.4000000878648173,
  0.4000000394838072,
  0.3999999471751669,
  0.399999906558236,
  0.3999999594429878,
  0.39999997594469133,
  0.4000000403473514,
  0.40000003915340526,
  0.4000000273527247,
  0.39999992535325246,
  0.40000003478968443,
  0.39999993465742106,
  0.3999999701467642,
  0.4000000600420412,
  0.40000009080942694
 ],
 "cg_iters": [
  0,
  0,
  0,
  0,
  0,
  0,
  0,
  0,
  0,
  0,
  0,
  0,
  0,
  0,
  0,
  0,
  0,
  0,
  0,
  0,
  0,
  0,
  0,
  0,
  0,
  0,
  0,
  0,
  0,
  0,
  0,
  0,
  0,
  0,
  0,
  0,
  0,
  0,
  0,
  0,
  0,
  0,
  0,
  0,
  0,
  0,
  0,
  0,
  0,
  0,
  0,
  0,
  0,
  0,
  0,
  0,
  0,
  0,
  0,
  0,
  0,
  0,
  0,
  0,
  0,
  0,
  0,
  0,
  0,
  0,
  0,
  0,
  0,
  0,
  0,
  0,
  0,
  0,
  0,
  0,
  0,
  0,
  0,
  0,
  0,
  0,
  0,
  0,
  0,
  0,
  0,
  0,
  0,
  0,
  0
 ],