{
 "compliance": [
  22.91182013502084,
  154.68725863495308,
  2559.1258232970467,
  1444.6908536555145,
  1152.7601196720589,
  926.1934959893174,
  825.6816093955026,
  753.3747845909572,
  701.4822620889433,
  664.1341404562772,
  625.9441366293626,
  593.5856499393356,
  563.7632454467324,
  526.0810853353737,
  505.15096078291583,
  456.6121843944101,
  441.0691216712177,
  400.0335544338832,
  394.18334462541804,
  370.59771711382126,
  371.64673922143015,
  357.90677513060996,
  362.1106748794566,
  352.40246225713895,
  358.00730369652746,
  349.856004579807,
  356.0955202274056,
  348.5681815103121,
  355.09534594291927,
  347.835536939812,
  354.4818483009707,
  347.35266535807193,
  354.01965951455304,
  346.97001609506765,
  353.58028546732777,
  346.5921342642064,
  353.0733605567225,
  346.1368967137272,
  352.4176122072534,
  345.5337002711239,
  351.55335385135857,
  338.2060322081447,
  325.58998228868876,
  309.2324368802158,
  311.07505616716776,
  305.6131367019688,
  302.2516754296215
 ],
 "change": [
  0.2,
  0.2,
  0.10459309634574161,
  0.10229738582792708,
  0.09460151552018004,
  0.08844598134552106,
  0.08500152587116136,
  0.085018476901848,
  0.0815924798040513,
  0.0877571057454305,
  0.08745844504781336,
  0.09538889533612788,
  0.08685988360289498,
  0.10676136583374501,
  0.08619858105800662,
  0.11672598962249597,
  0.09380945471628227,
  0.1191380610374187,
  0.10765876982823275,
  0.11887834386039403,
  0.11420587953060218,
  0.11860277502945765,
  0.11668484326986572,
  0.11842312933534105,
  0.11756108551633615,
  0.11831015799055233,
  0.11785440768640787,
  0.11824065512921217,
  0.11793604302489763,
  0.1182007714884194,
  0.11794207137531137,
  0.11818566087516741,
  0.11792283094610406,
  0.11819652934490998,
  0.11789669196368047,
  0.11823614090346046,
  0.117868611696552,
  0.11830926821077298,
  0.11784344351288967,
  0.11842102459452275,
  0.10000000000000003,
  0.05000000000000002,
  0.025000000000000022,
  0.012500000000000011,
  0.010162088569041855,
  0.011609529264185625,
  0.007662681806773819
 ],
 "volume": [
  0.5125,
  0.42000001127435377,
  0.41999999553487843,
  0.42000002585372326,
  0.42000001611221904,
  0.4199999789682649,
  0.4200000013017342,
  0.4199999990926143,
  0.4199999909089497,
  0.4199999810400143,
  0.4200000312306873,
  0.420000011403171,
  0.42000002513759993,
  0.4199999855154356,
  0.41999998758588375,
  0.41999999913881475,
  0.41999997442984516,
  0.42000002070409126,
  0.41999999958482653,
  0.4199999912156479,
  0.4200000195530168,
  0.41999999410230293,
  0.42000000601583287,
  0.4199999725286934,
  0.420000007416592,
  0.42000001556561106,
  0.42000001325047803,
  0.4199999770403186,
  0.42000001543754656,
  0.4199999773349373,
  0.41999998737962607,
  0.4199999679466544,
  0.41999997868468747,
  0.4200000050043144,
  0.4199999749740083,
  0.4199999866868094,
  0.4200000131281669,
  0.42000001431476164,
  0.4199999715974416,
  0.4199999694920685,
  0.42000001575157886,
  0.4200000120320385,
  0.4200000026727053,
  0.42000000303920104,
  0.4200000322499424,
  0.4199999757031268,
  0.4199999897734341
 ],
 "cg_iters": [
  0,
  0,
  0,
  0,
  0,
  0,
  0,
  0,
  0,
  0,
  0,
  0,
  0,
  0,
  0,
  0,
  0,
  0,
  0,
  0,
  0,
  0,
  0,
  0,
  0,
  0,
  0,
  0,
  0,
  0,
  0,
  0,
  0,
  0,
  0,
  0,
  0,
  0,
  0,
  0,
  0,
  0,
  0,
  0,
  0,
  0,
  0
 ],
 "t_solve": [
  0.036491018000106124,
  0.03451414100004513,
  0.03185008699983882,
  0.03403568399994583,
  0.03165526699990551,
  0.03473437200000262,
  0.032216434000019945,
  0.03295133500000702,
  0.03521566199992776,
  0.03184282200004418,
  0.034214520999967135,
  0.03184256800000185,
  0.03166135300011774,
  0.03589440799987642,
  0.032542838000154006,
  0.03321704899985889,
  0.03175188200020784,
  0.032062348999943424,
  0.03206837300012921,
  0.03169879399979436,
  0.03240251900001567,
  0.03533141399998385,
  0.03320708100000047,
  0.032126603000051546,
  0.03309609400002955,
  0.03335013900004924,
  0.036639366999907,
  0.03276009699993665,
  0.03280371899995771,
  0.03158844199992927,
  0.03473480399998152,
  0.035837971000091784,
  0.031615195999847856,
  0.03165529900002184,
  0.03194076199997653,
  0.03258577599990531,
  0.03191548600011629,
  0.031606382000063604,
  0.032574731999829964,
  0.031966438000154085,
  0.03375835199994981,
  0.03147961099989516,
  0.03137268899990886,
  0.031763530000034734,
  0.03149153100002877,
  0.03307729500011192,
  0.03705842600015785
 ],
 "t_grad_filter": [
  0.00011103099996034871,
  0.00011112299989690655,
  0.00010245900011796039,
  9.833300009631785e-05,
  9.6149000000878e-05,
  0.00014301800001703668,
  0.00012002499988739146,
  0.00010131199996976648,
  9.804100000110338e-05,
  9.691900004327181e-05,
  9.884199994303344e-05,
  9.398499992130382e-05,
  9.711699999570556e-05,
  0.00010657600000740786,
  0.00011158399979649403,
  0.00010711100003391039,
  9.716599993225827e-05,
  0.00011306999999760592,
  0.00010608899992803345,
  9.627100007492118e-05,
  9.726799999043578e-05,
  9.673299996393325e-05,
  9.746499995344493e-05,
  0.00011892699990312394,
  0.00010590600004434236,
  0.00011259500001870038,
  0.0001091450001240446,
  9.784400003809424e-05,
  0.00010802599990711315,
  9.807200012801331e-05,
  0.00010928899996542896,
  9.68150000062451e-05,
  0.00010050700007013802,
  9.561499996380007e-05,
  9.971100007533096e-05,
  0.00012155400008850847,
  9.427400004824449e-05,
  0.00011965099997723883,
  9.59280000643048e-05,
  0.00011687899996104534,
  9.711799998513015e-05,
  0.00010744700011855457,
  0.00013861299999007315,
  0.00010409199990135676,
  9.482399991611601e-05,
  9.631299985812802e-05,
  9.688199997981428e-05
 ],
 "t_oc": [
  0.00027940600011788774,
  0.0005165899999610701,
  0.0004851999999573309,
  0.00050716900000225,
  0.0005080500000076427,
  0.0005401729999903182,
  0.0005238060000465339,
  0.0005000319999908243,
  0.0005096419999972568,
  0.0005253780000202823,
  0.0004951299999902403,
  0.0005825400000958325,
  0.0004986199999166274,
  0.000504030000001876,
  0.000506392000033884,
  0.0005473359999541572,
  0.0005262109998511733,
  0.0005247340000096301,
  0.0005277160000787262,
  0.0010437890000503103,
  0.0005034929999965243,
  0.0005045339999014686,
  0.0005212820001361251,
  0.0005434930001229077,
  0.0005089329999918846,
  0.0017998529999658786,
  0.0005393899998580309,
  0.0005118100000345294,
  0.0005219800000304531,
  0.0005099359998439468,
  0.0005138230001193733,
  0.0005204659998980787,
  0.0005224409999300406,
  0.0005257459999938874,
  0.0005084399999759626,
  0.0005353779999950348,
  0.0005202769998504664,
  0.000517499000125099,
  0.0005199920001359715,
  0.0005168719999346649,
  0.0005430109999906563,
  0.0005210330000409158,
  0.0005118520000451099,
  0.0005157140001301741,
  0.0005261789999622124,
  0.0005278959999941435,
  0.0005282509998778551
 ],
 "rss_mb": [
  165.9904,
  171.524096,
  171.524096,
  171.524096,
  171.524096,
  171.589632,
  171.589632,
  171.589632,
  171.589632,
  171.589632,
  171.589632,
  171.589632,
  171.589632,
  171.589632,
  171.589632,
  171.589632,
  171.589632,
  171.589632,
  171.589632,
  171.589632,
  171.589632,
  171.589632,
  171.589632,
  171.589632,
  171.589632,
  171.589632,
  171.589632,
  171.589632,
  171.589632,
  171.589632,
  171.589632,
  171.589632,
  171.589632,
  171.589632,
  171.589632,
  171.589632,
  171.589632,
  171.589632,
  171.589632,
  171.589632,
  171.651072,
  171.651072,
  171.651072,
  171.651072,
  171.651072,
  171.651072,
  171.651072
 ],